[0m15:46:19.022685 [debug] [MainThread]: Sending event: {'category': 'dbt', 'action': 'invocation', 'label': 'start', 'context': [<snowplow_tracker.self_describing_json.SelfDescribingJson object at 0x00000130177697F0>, <snowplow_tracker.self_describing_json.SelfDescribingJson object at 0x0000013019A70550>, <snowplow_tracker.self_describing_json.SelfDescribingJson object at 0x0000013019A70A50>]}


============================== 15:46:19.049544 | 703e8b98-dd0a-4808-b882-3e0185f7dc13 ==============================
[0m15:46:19.049544 [info ] [MainThread]: Running with dbt=1.5.0
[0m15:46:19.051746 [debug] [MainThread]: running dbt with arguments {'printer_width': '80', 'target_path': 'None', 'cache_selected_only': 'False', 'warn_error': 'None', 'profiles_dir': 'C:\\Users\\nagzz\\.dbt', 'debug': 'False', 'static_parser': 'True', 'log_cache_events': 'False', 'quiet': 'False', 'log_format': 'default', 'use_colors': 'True', 'partial_parse': 'True', 'version_check': 'True', 'log_path': 'logs', 'introspect': 'True', 'no_print': 'None', 'fail_fast': 'False', 'warn_error_options': 'WarnErrorOptions(include=[], exclude=[])', 'send_anonymous_usage_stats': 'True', 'indirect_selection': 'eager', 'write_json': 'True', 'use_experimental_parser': 'False'}
[0m15:46:19.054201 [error] [MainThread]: Encountered an error:
Runtime Error
  No dbt_project.yml found at expected path E:\GrubGrid\dbt_project\dbt_project.yml
  Verify that each entry within packages.yml (and their transitive dependencies) contains a file named dbt_project.yml
  
[0m15:46:19.056211 [debug] [MainThread]: Command `dbt deps` failed at 15:46:19.055846 after 0.35 seconds
[0m15:46:19.057035 [debug] [MainThread]: Sending event: {'category': 'dbt', 'action': 'invocation', 'label': 'end', 'context': [<snowplow_tracker.self_describing_json.SelfDescribingJson object at 0x00000130199A22C0>, <snowplow_tracker.self_describing_json.SelfDescribingJson object at 0x00000130199CA7B0>, <snowplow_tracker.self_describing_json.SelfDescribingJson object at 0x00000130199ABBD0>]}
[0m15:46:19.057930 [debug] [MainThread]: Flushing usage events
[0m15:47:10.079269 [debug] [MainThread]: Sending event: {'category': 'dbt', 'action': 'invocation', 'label': 'start', 'context': [<snowplow_tracker.self_describing_json.SelfDescribingJson object at 0x000001E9A206A450>, <snowplow_tracker.self_describing_json.SelfDescribingJson object at 0x000001E9A57EAAD0>, <snowplow_tracker.self_describing_json.SelfDescribingJson object at 0x000001E9A58C7AD0>]}


============================== 15:47:10.095754 | 405c78e0-a806-43ba-9970-ff94889bf9a7 ==============================
[0m15:47:10.095754 [info ] [MainThread]: Running with dbt=1.11.11
[0m15:47:10.099192 [debug] [MainThread]: running dbt with arguments {'version_check': 'True', 'no_print': 'None', 'static_parser': 'True', 'warn_error_options': 'WarnErrorOptionsV2(error=[], warn=[], silence=[])', 'target_path': 'None', 'printer_width': '80', 'write_json': 'True', 'empty': 'None', 'log_cache_events': 'False', 'introspect': 'True', 'cache_selected_only': 'False', 'log_format': 'default', 'debug': 'False', 'fail_fast': 'False', 'partial_parse': 'True', 'send_anonymous_usage_stats': 'True', 'quiet': 'False', 'warn_error': 'None', 'profiles_dir': 'C:\\Users\\nagzz\\.dbt', 'indirect_selection': 'eager', 'use_colors': 'True', 'invocation_command': 'dbt deps', 'use_experimental_parser': 'False', 'log_path': 'logs'}
[0m15:47:10.102725 [error] [MainThread]: Encountered an error:
Runtime Error
  No dbt_project.yml found at expected path E:\GrubGrid\dbt_project\dbt_project.yml
  Verify that each entry within packages.yml (and their transitive dependencies) contains a file named dbt_project.yml
  
[0m15:47:10.107128 [debug] [MainThread]: Command `dbt deps` failed at 15:47:10.107128 after 0.34 seconds
[0m15:47:10.110775 [debug] [MainThread]: Sending event: {'category': 'dbt', 'action': 'invocation', 'label': 'end', 'context': [<snowplow_tracker.self_describing_json.SelfDescribingJson object at 0x000001E9A68A9290>, <snowplow_tracker.self_describing_json.SelfDescribingJson object at 0x000001E9A581D150>, <snowplow_tracker.self_describing_json.SelfDescribingJson object at 0x000001E9A5829390>]}
[0m15:47:10.113749 [debug] [MainThread]: Flushing usage events
[0m15:47:13.794413 [debug] [MainThread]: An error was encountered while trying to flush usage events
[0m16:02:18.942577 [debug] [MainThread]: Sending event: {'category': 'dbt', 'action': 'invocation', 'label': 'start', 'context': [<snowplow_tracker.self_describing_json.SelfDescribingJson object at 0x0000019E0EA70CD0>, <snowplow_tracker.self_describing_json.SelfDescribingJson object at 0x0000019E0F6EC9D0>, <snowplow_tracker.self_describing_json.SelfDescribingJson object at 0x0000019E10958690>]}


============================== 16:02:18.951485 | d61dcd81-ca39-4670-848a-4b190892cf8a ==============================
[0m16:02:18.951485 [info ] [MainThread]: Running with dbt=1.11.11
[0m16:02:18.951485 [debug] [MainThread]: running dbt with arguments {'static_parser': 'True', 'no_print': 'None', 'version_check': 'True', 'target_path': 'None', 'warn_error_options': 'WarnErrorOptionsV2(error=[], warn=[], silence=[])', 'printer_width': '80', 'write_json': 'True', 'introspect': 'True', 'log_cache_events': 'False', 'empty': 'None', 'cache_selected_only': 'False', 'fail_fast': 'False', 'debug': 'False', 'log_format': 'default', 'partial_parse': 'True', 'send_anonymous_usage_stats': 'True', 'quiet': 'False', 'warn_error': 'None', 'profiles_dir': 'E:\\GrubGrid\\dbt_project', 'use_colors': 'True', 'indirect_selection': 'eager', 'invocation_command': 'dbt deps', 'use_experimental_parser': 'False', 'log_path': 'E:\\GrubGrid\\dbt_project\\logs'}
[0m16:02:19.551506 [debug] [MainThread]: Sending event: {'category': 'dbt', 'action': 'project_id', 'label': 'd61dcd81-ca39-4670-848a-4b190892cf8a', 'context': [<snowplow_tracker.self_describing_json.SelfDescribingJson object at 0x0000019E10A24E90>]}
[0m16:02:19.655103 [debug] [MainThread]: Set downloads directory='C:\Users\nagzz\AppData\Local\Temp\dbt-downloads-0zdqmbl5'
[0m16:02:19.655103 [debug] [MainThread]: Making package index registry request: GET https://hub.getdbt.com/api/v1/index.json
[0m16:02:24.145292 [debug] [MainThread]: Response from registry index: GET https://hub.getdbt.com/api/v1/index.json 200
[0m16:02:24.151152 [debug] [MainThread]: Making package registry request: GET https://hub.getdbt.com/api/v1/dbt-labs/dbt_utils.json
[0m16:02:25.756443 [debug] [MainThread]: Response from registry: GET https://hub.getdbt.com/api/v1/dbt-labs/dbt_utils.json 200
[0m16:02:25.804685 [info ] [MainThread]: Updating lock file in file path: E:\GrubGrid\dbt_project/package-lock.yml
[0m16:02:25.844962 [debug] [MainThread]: Set downloads directory='C:\Users\nagzz\AppData\Local\Temp\dbt-downloads-tl5so8zf'
[0m16:02:25.869462 [info ] [MainThread]: Installing dbt-labs/dbt_utils
[0m16:02:37.461822 [debug] [MainThread]: External call exception: HTTPSConnectionPool(host='codeload.github.com', port=443): Read timed out. (read timeout=10.0)
[0m16:02:37.461822 [debug] [MainThread]: Retrying external call. Attempt: 0 Max attempts: 5
[0m16:02:41.534079 [info ] [MainThread]: Installed from version 1.2.0
[0m16:02:41.540415 [info ] [MainThread]: Updated version available: 1.3.3
[0m16:02:41.542812 [debug] [MainThread]: Sending event: {'category': 'dbt', 'action': 'package', 'label': 'd61dcd81-ca39-4670-848a-4b190892cf8a', 'property_': 'install', 'context': [<snowplow_tracker.self_describing_json.SelfDescribingJson object at 0x0000019E10BBC4D0>, <snowplow_tracker.self_describing_json.SelfDescribingJson object at 0x0000019E10A62490>]}
[0m16:02:41.543604 [info ] [MainThread]: 
[0m16:02:41.543604 [info ] [MainThread]: Updates available for packages: ['dbt-labs/dbt_utils']                 
Update your versions in packages.yml, then run dbt deps
[0m16:02:41.554483 [debug] [MainThread]: Command `dbt deps` succeeded at 16:02:41.553473 after 23.04 seconds
[0m16:02:41.554483 [debug] [MainThread]: Sending event: {'category': 'dbt', 'action': 'invocation', 'label': 'end', 'context': [<snowplow_tracker.self_describing_json.SelfDescribingJson object at 0x0000019E0F8997D0>, <snowplow_tracker.self_describing_json.SelfDescribingJson object at 0x0000019E10AE8B10>, <snowplow_tracker.self_describing_json.SelfDescribingJson object at 0x0000019E08D51B90>]}
[0m16:02:41.556669 [debug] [MainThread]: Flushing usage events
[0m16:02:44.902392 [debug] [MainThread]: An error was encountered while trying to flush usage events
[0m16:03:57.809293 [debug] [MainThread]: Sending event: {'category': 'dbt', 'action': 'invocation', 'label': 'start', 'context': [<snowplow_tracker.self_describing_json.SelfDescribingJson object at 0x000002722EDDB190>, <snowplow_tracker.self_describing_json.SelfDescribingJson object at 0x000002722DC6F210>, <snowplow_tracker.self_describing_json.SelfDescribingJson object at 0x000002722DC6F490>]}


============================== 16:03:57.825321 | 58425db5-e901-418d-bd6a-f0d93a54e25a ==============================
[0m16:03:57.825321 [info ] [MainThread]: Running with dbt=1.11.11
[0m16:03:57.825321 [debug] [MainThread]: running dbt with arguments {'static_parser': 'True', 'no_print': 'None', 'version_check': 'True', 'warn_error_options': 'WarnErrorOptionsV2(error=[], warn=[], silence=[])', 'target_path': 'None', 'printer_width': '80', 'write_json': 'True', 'empty': 'False', 'log_cache_events': 'False', 'introspect': 'True', 'cache_selected_only': 'False', 'log_format': 'default', 'debug': 'False', 'fail_fast': 'False', 'profiles_dir': '.', 'send_anonymous_usage_stats': 'True', 'quiet': 'False', 'warn_error': 'None', 'partial_parse': 'True', 'invocation_command': 'dbt run --profiles-dir .', 'use_colors': 'True', 'indirect_selection': 'eager', 'use_experimental_parser': 'False', 'log_path': 'E:\\GrubGrid\\dbt_project\\logs'}
[0m16:03:58.844578 [debug] [MainThread]: Sending event: {'category': 'dbt', 'action': 'project_id', 'label': '58425db5-e901-418d-bd6a-f0d93a54e25a', 'context': [<snowplow_tracker.self_describing_json.SelfDescribingJson object at 0x000002722EE09650>]}
[0m16:03:59.027618 [debug] [MainThread]: Sending event: {'category': 'dbt', 'action': 'adapter_info', 'label': '58425db5-e901-418d-bd6a-f0d93a54e25a', 'context': [<snowplow_tracker.self_describing_json.SelfDescribingJson object at 0x000002722A469810>]}
[0m16:03:59.044261 [info ] [MainThread]: Registered adapter: duckdb=1.10.1
[0m16:04:00.010744 [debug] [MainThread]: checksum: 30a8cc8fdcbf66701b0944d4ccce3fa46dd04b61e5df68b9f16d57b2e0e3f0be, vars: {}, profile: , target: , version: 1.11.11
[0m16:04:00.018770 [info ] [MainThread]: Unable to do partial parsing because saved manifest not found. Starting full parse.
[0m16:04:00.018770 [debug] [MainThread]: Sending event: {'category': 'dbt', 'action': 'partial_parser', 'label': '58425db5-e901-418d-bd6a-f0d93a54e25a', 'context': [<snowplow_tracker.self_describing_json.SelfDescribingJson object at 0x000002722A9B3AD0>]}
[0m16:04:08.532736 [debug] [MainThread]: Sending event: {'category': 'dbt', 'action': 'experimental_parser', 'label': '58425db5-e901-418d-bd6a-f0d93a54e25a', 'context': [<snowplow_tracker.self_describing_json.SelfDescribingJson object at 0x000002722F5AC710>]}
[0m16:04:09.567267 [warn ] [MainThread]: [[33mWARNING[0m][MissingArgumentsPropertyInGenericTestDeprecation]: Deprecated
functionality
Found top-level arguments to test `dbt_utils.expression_is_true` defined on
'stg_orders' in package 'grubgrid' (tests\data_quality_tests.yml). Arguments to
generic tests should be nested under the `arguments` property.
[0m16:04:09.567267 [debug] [MainThread]: Sending event: {'category': 'dbt', 'action': 'deprecation', 'label': '58425db5-e901-418d-bd6a-f0d93a54e25a', 'property_': 'warn', 'context': [<snowplow_tracker.self_describing_json.SelfDescribingJson object at 0x000002722F5EB190>]}
[0m16:04:10.244077 [debug] [MainThread]: Sending event: {'category': 'dbt', 'action': 'load_project', 'label': '58425db5-e901-418d-bd6a-f0d93a54e25a', 'context': [<snowplow_tracker.self_describing_json.SelfDescribingJson object at 0x000002722F7E0C50>]}
[0m16:04:10.744275 [debug] [MainThread]: Wrote artifact WritableManifest to E:\GrubGrid\dbt_project\target\manifest.json
[0m16:04:10.757117 [debug] [MainThread]: Wrote artifact SemanticManifest to E:\GrubGrid\dbt_project\target\semantic_manifest.json
[0m16:04:10.806033 [debug] [MainThread]: Sending event: {'category': 'dbt', 'action': 'resource_counts', 'label': '58425db5-e901-418d-bd6a-f0d93a54e25a', 'context': [<snowplow_tracker.self_describing_json.SelfDescribingJson object at 0x000002722F5D0750>]}
[0m16:04:10.808644 [info ] [MainThread]: Found 10 models, 40 data tests, 4 sources, 601 macros
[0m16:04:10.812188 [debug] [MainThread]: Sending event: {'category': 'dbt', 'action': 'runnable_timing', 'label': '58425db5-e901-418d-bd6a-f0d93a54e25a', 'context': [<snowplow_tracker.self_describing_json.SelfDescribingJson object at 0x000002722CC719D0>]}
[0m16:04:10.820260 [info ] [MainThread]: 
[0m16:04:10.822671 [info ] [MainThread]: Concurrency: 4 threads (target='dev')
[0m16:04:10.824687 [info ] [MainThread]: 
[0m16:04:10.826698 [debug] [MainThread]: Acquiring new duckdb connection 'master'
[0m16:04:10.839432 [debug] [ThreadPool]: Acquiring new duckdb connection 'list_grubgrid'
[0m16:04:10.846059 [debug] [ThreadPool]: Acquiring new duckdb connection 'list_grubgrid'
[0m16:04:14.589439 [debug] [ThreadPool]: Using duckdb connection "list_grubgrid"
[0m16:04:14.589439 [debug] [ThreadPool]: Using duckdb connection "list_grubgrid"
[0m16:04:14.589439 [debug] [ThreadPool]: On list_grubgrid: /* {"app": "dbt", "dbt_version": "1.11.11", "profile_name": "grubgrid", "target_name": "dev", "connection_name": "list_grubgrid"} */

    
    select schema_name
    from system.information_schema.schemata
    
    where lower(catalog_name) = '"grubgrid"'
    
  
  
[0m16:04:14.589439 [debug] [ThreadPool]: On list_grubgrid: /* {"app": "dbt", "dbt_version": "1.11.11", "profile_name": "grubgrid", "target_name": "dev", "connection_name": "list_grubgrid"} */

    
    select schema_name
    from system.information_schema.schemata
    
    where lower(catalog_name) = '"grubgrid"'
    
  
  
[0m16:04:14.589439 [debug] [ThreadPool]: Opening a new connection, currently in state init
[0m16:04:14.589439 [debug] [ThreadPool]: Opening a new connection, currently in state init
[0m16:04:14.653065 [debug] [ThreadPool]: SQL status: OK in 0.065 seconds
[0m16:04:14.666762 [debug] [ThreadPool]: SQL status: OK in 0.068 seconds
[0m16:04:14.672397 [debug] [ThreadPool]: On list_grubgrid: Close
[0m16:04:14.675720 [debug] [ThreadPool]: On list_grubgrid: Close
[0m16:04:14.682277 [debug] [ThreadPool]: Re-using an available connection from the pool (formerly list_grubgrid, now create_grubgrid_main_staging)
[0m16:04:14.683938 [debug] [ThreadPool]: Re-using an available connection from the pool (formerly list_grubgrid, now create_grubgrid_main_marts)
[0m16:04:14.686062 [debug] [ThreadPool]: Creating schema "database: "grubgrid"
schema: "main_staging"
"
[0m16:04:14.688927 [debug] [ThreadPool]: Creating schema "database: "grubgrid"
schema: "main_marts"
"
[0m16:04:14.706280 [debug] [ThreadPool]: Using duckdb connection "create_grubgrid_main_staging"
[0m16:04:14.717257 [debug] [ThreadPool]: Using duckdb connection "create_grubgrid_main_marts"
[0m16:04:14.717257 [debug] [ThreadPool]: On create_grubgrid_main_staging: /* {"app": "dbt", "dbt_version": "1.11.11", "profile_name": "grubgrid", "target_name": "dev", "connection_name": "create_grubgrid_main_staging"} */

    
        select type from duckdb_databases()
        where lower(database_name)='grubgrid'
        and type='sqlite'
    
  
[0m16:04:14.721516 [debug] [ThreadPool]: On create_grubgrid_main_marts: /* {"app": "dbt", "dbt_version": "1.11.11", "profile_name": "grubgrid", "target_name": "dev", "connection_name": "create_grubgrid_main_marts"} */

    
        select type from duckdb_databases()
        where lower(database_name)='grubgrid'
        and type='sqlite'
    
  
[0m16:04:14.724155 [debug] [ThreadPool]: Opening a new connection, currently in state closed
[0m16:04:14.724155 [debug] [ThreadPool]: Opening a new connection, currently in state closed
[0m16:04:14.730583 [debug] [ThreadPool]: SQL status: OK in 0.006 seconds
[0m16:04:14.732320 [debug] [ThreadPool]: SQL status: OK in 0.006 seconds
[0m16:04:14.734335 [debug] [ThreadPool]: Using duckdb connection "create_grubgrid_main_staging"
[0m16:04:14.738272 [debug] [ThreadPool]: Using duckdb connection "create_grubgrid_main_marts"
[0m16:04:14.738272 [debug] [ThreadPool]: On create_grubgrid_main_staging: BEGIN
[0m16:04:14.738272 [debug] [ThreadPool]: On create_grubgrid_main_marts: BEGIN
[0m16:04:14.738272 [debug] [ThreadPool]: SQL status: OK in 0.001 seconds
[0m16:04:14.746918 [debug] [ThreadPool]: SQL status: OK in 0.001 seconds
[0m16:04:14.748449 [debug] [ThreadPool]: Using duckdb connection "create_grubgrid_main_staging"
[0m16:04:14.748449 [debug] [ThreadPool]: Using duckdb connection "create_grubgrid_main_marts"
[0m16:04:14.748449 [debug] [ThreadPool]: On create_grubgrid_main_staging: /* {"app": "dbt", "dbt_version": "1.11.11", "profile_name": "grubgrid", "target_name": "dev", "connection_name": "create_grubgrid_main_staging"} */

    
    
        create schema if not exists "grubgrid"."main_staging"
    
[0m16:04:14.750976 [debug] [ThreadPool]: On create_grubgrid_main_marts: /* {"app": "dbt", "dbt_version": "1.11.11", "profile_name": "grubgrid", "target_name": "dev", "connection_name": "create_grubgrid_main_marts"} */

    
    
        create schema if not exists "grubgrid"."main_marts"
    
[0m16:04:14.750976 [debug] [ThreadPool]: SQL status: OK in 0.001 seconds
[0m16:04:14.750976 [debug] [ThreadPool]: SQL status: OK in 0.002 seconds
[0m16:04:14.759701 [debug] [ThreadPool]: On create_grubgrid_main_staging: COMMIT
[0m16:04:14.761716 [debug] [ThreadPool]: On create_grubgrid_main_marts: COMMIT
[0m16:04:14.763770 [debug] [ThreadPool]: Using duckdb connection "create_grubgrid_main_staging"
[0m16:04:14.765782 [debug] [ThreadPool]: Using duckdb connection "create_grubgrid_main_marts"
[0m16:04:14.765782 [debug] [ThreadPool]: On create_grubgrid_main_staging: COMMIT
[0m16:04:14.765782 [debug] [ThreadPool]: On create_grubgrid_main_marts: COMMIT
[0m16:04:14.765782 [debug] [ThreadPool]: SQL status: OK in 0.004 seconds
[0m16:04:14.777488 [debug] [ThreadPool]: SQL status: OK in 0.005 seconds
[0m16:04:14.777488 [debug] [ThreadPool]: On create_grubgrid_main_staging: Close
[0m16:04:14.779521 [debug] [ThreadPool]: On create_grubgrid_main_marts: Close
[0m16:04:14.785626 [debug] [ThreadPool]: Acquiring new duckdb connection 'list_grubgrid_main_staging'
[0m16:04:14.785626 [debug] [ThreadPool]: Acquiring new duckdb connection 'list_grubgrid_main_marts'
[0m16:04:14.805860 [debug] [ThreadPool]: Using duckdb connection "list_grubgrid_main_staging"
[0m16:04:14.819048 [debug] [ThreadPool]: Using duckdb connection "list_grubgrid_main_marts"
[0m16:04:14.820961 [debug] [ThreadPool]: On list_grubgrid_main_staging: BEGIN
[0m16:04:14.822925 [debug] [ThreadPool]: On list_grubgrid_main_marts: BEGIN
[0m16:04:14.823503 [debug] [ThreadPool]: Opening a new connection, currently in state init
[0m16:04:14.823503 [debug] [ThreadPool]: Opening a new connection, currently in state init
[0m16:04:14.830330 [debug] [ThreadPool]: SQL status: OK in 0.005 seconds
[0m16:04:14.832349 [debug] [ThreadPool]: SQL status: OK in 0.006 seconds
[0m16:04:14.832349 [debug] [ThreadPool]: Using duckdb connection "list_grubgrid_main_staging"
[0m16:04:14.836379 [debug] [ThreadPool]: Using duckdb connection "list_grubgrid_main_marts"
[0m16:04:14.838400 [debug] [ThreadPool]: On list_grubgrid_main_staging: /* {"app": "dbt", "dbt_version": "1.11.11", "profile_name": "grubgrid", "target_name": "dev", "connection_name": "list_grubgrid_main_staging"} */
select
      'grubgrid' as database,
      table_name as name,
      table_schema as schema,
      CASE table_type
        WHEN 'BASE TABLE' THEN 'table'
        WHEN 'VIEW' THEN 'view'
        WHEN 'LOCAL TEMPORARY' THEN 'table'
        END as type
    from system.information_schema.tables
    where lower(table_schema) = 'main_staging'
    and lower(table_catalog) = 'grubgrid'
  
[0m16:04:14.838400 [debug] [ThreadPool]: On list_grubgrid_main_marts: /* {"app": "dbt", "dbt_version": "1.11.11", "profile_name": "grubgrid", "target_name": "dev", "connection_name": "list_grubgrid_main_marts"} */
select
      'grubgrid' as database,
      table_name as name,
      table_schema as schema,
      CASE table_type
        WHEN 'BASE TABLE' THEN 'table'
        WHEN 'VIEW' THEN 'view'
        WHEN 'LOCAL TEMPORARY' THEN 'table'
        END as type
    from system.information_schema.tables
    where lower(table_schema) = 'main_marts'
    and lower(table_catalog) = 'grubgrid'
  
[0m16:04:14.854226 [debug] [ThreadPool]: SQL status: OK in 0.012 seconds
[0m16:04:14.854226 [debug] [ThreadPool]: SQL status: OK in 0.015 seconds
[0m16:04:14.861241 [debug] [ThreadPool]: On list_grubgrid_main_marts: ROLLBACK
[0m16:04:14.861241 [debug] [ThreadPool]: On list_grubgrid_main_staging: ROLLBACK
[0m16:04:14.867151 [debug] [ThreadPool]: Failed to rollback 'list_grubgrid_main_marts'
[0m16:04:14.867151 [debug] [ThreadPool]: On list_grubgrid_main_marts: Close
[0m16:04:14.870872 [debug] [ThreadPool]: Failed to rollback 'list_grubgrid_main_staging'
[0m16:04:14.874165 [debug] [ThreadPool]: On list_grubgrid_main_staging: Close
[0m16:04:14.875850 [debug] [MainThread]: Sending event: {'category': 'dbt', 'action': 'runnable_timing', 'label': '58425db5-e901-418d-bd6a-f0d93a54e25a', 'context': [<snowplow_tracker.self_describing_json.SelfDescribingJson object at 0x000002722FAD4950>]}
[0m16:04:14.875850 [debug] [MainThread]: Using duckdb connection "master"
[0m16:04:14.875850 [debug] [MainThread]: On master: BEGIN
[0m16:04:14.875850 [debug] [MainThread]: Opening a new connection, currently in state init
[0m16:04:14.875850 [debug] [MainThread]: SQL status: OK in 0.002 seconds
[0m16:04:14.875850 [debug] [MainThread]: On master: COMMIT
[0m16:04:14.875850 [debug] [MainThread]: Using duckdb connection "master"
[0m16:04:14.875850 [debug] [MainThread]: On master: COMMIT
[0m16:04:14.875850 [debug] [MainThread]: SQL status: OK in 0.001 seconds
[0m16:04:14.892090 [debug] [MainThread]: On master: Close
[0m16:04:14.909049 [debug] [Thread-1 (]: Began running node model.grubgrid.dim_dates
[0m16:04:14.909049 [debug] [Thread-2 (]: Began running node model.grubgrid.stg_competitor_prices
[0m16:04:14.909049 [debug] [Thread-3 (]: Began running node model.grubgrid.stg_menu_items
[0m16:04:14.909049 [debug] [Thread-4 (]: Began running node model.grubgrid.stg_orders
[0m16:04:14.909049 [info ] [Thread-1 (]: 1 of 10 START sql table model main_marts.dim_dates ............................. [RUN]
[0m16:04:14.923214 [info ] [Thread-2 (]: 2 of 10 START sql view model main_staging.stg_competitor_prices ................ [RUN]
[0m16:04:14.926357 [info ] [Thread-3 (]: 3 of 10 START sql view model main_staging.stg_menu_items ....................... [RUN]
[0m16:04:14.929203 [info ] [Thread-4 (]: 4 of 10 START sql view model main_staging.stg_orders ........................... [RUN]
[0m16:04:14.931787 [debug] [Thread-1 (]: Acquiring new duckdb connection 'model.grubgrid.dim_dates'
[0m16:04:14.934818 [debug] [Thread-2 (]: Acquiring new duckdb connection 'model.grubgrid.stg_competitor_prices'
[0m16:04:14.935469 [debug] [Thread-3 (]: Acquiring new duckdb connection 'model.grubgrid.stg_menu_items'
[0m16:04:14.939793 [debug] [Thread-4 (]: Acquiring new duckdb connection 'model.grubgrid.stg_orders'
[0m16:04:14.942464 [debug] [Thread-1 (]: Began compiling node model.grubgrid.dim_dates
[0m16:04:14.943799 [debug] [Thread-2 (]: Began compiling node model.grubgrid.stg_competitor_prices
[0m16:04:14.945813 [debug] [Thread-3 (]: Began compiling node model.grubgrid.stg_menu_items
[0m16:04:14.950032 [debug] [Thread-4 (]: Began compiling node model.grubgrid.stg_orders
[0m16:04:14.998033 [debug] [Thread-1 (]: Using duckdb connection "model.grubgrid.dim_dates"
[0m16:04:15.005481 [debug] [Thread-2 (]: Writing injected SQL for node "model.grubgrid.stg_competitor_prices"
[0m16:04:15.021269 [debug] [Thread-3 (]: Writing injected SQL for node "model.grubgrid.stg_menu_items"
[0m16:04:15.033703 [debug] [Thread-4 (]: Writing injected SQL for node "model.grubgrid.stg_orders"
[0m16:04:15.035716 [debug] [Thread-1 (]: On model.grubgrid.dim_dates: BEGIN
[0m16:04:15.042086 [debug] [Thread-1 (]: Opening a new connection, currently in state init
[0m16:04:15.046122 [debug] [Thread-1 (]: SQL status: OK in 0.004 seconds
[0m16:04:15.049662 [debug] [Thread-1 (]: Using duckdb connection "model.grubgrid.dim_dates"
[0m16:04:15.051679 [debug] [Thread-2 (]: Began executing node model.grubgrid.stg_competitor_prices
[0m16:04:15.051679 [debug] [Thread-4 (]: Began executing node model.grubgrid.stg_orders
[0m16:04:15.054692 [debug] [Thread-1 (]: On model.grubgrid.dim_dates: /* {"app": "dbt", "dbt_version": "1.11.11", "profile_name": "grubgrid", "target_name": "dev", "node_id": "model.grubgrid.dim_dates"} */


        select 
        (date_diff('day', cast('2024-01-01' as date)::timestamp, cast('2026-12-31' as date)::timestamp ))
    
[0m16:04:15.054692 [debug] [Thread-3 (]: Began executing node model.grubgrid.stg_menu_items
[0m16:04:15.167381 [debug] [Thread-4 (]: Writing runtime sql for node "model.grubgrid.stg_orders"
[0m16:04:15.167381 [debug] [Thread-2 (]: Writing runtime sql for node "model.grubgrid.stg_competitor_prices"
[0m16:04:15.192991 [debug] [Thread-3 (]: Writing runtime sql for node "model.grubgrid.stg_menu_items"
[0m16:04:15.195007 [debug] [Thread-1 (]: SQL status: OK in 0.015 seconds
[0m16:04:15.201982 [debug] [Thread-1 (]: Writing injected SQL for node "model.grubgrid.dim_dates"
[0m16:04:15.206416 [debug] [Thread-2 (]: Using duckdb connection "model.grubgrid.stg_competitor_prices"
[0m16:04:15.211547 [debug] [Thread-2 (]: On model.grubgrid.stg_competitor_prices: BEGIN
[0m16:04:15.214581 [debug] [Thread-3 (]: Using duckdb connection "model.grubgrid.stg_menu_items"
[0m16:04:15.214581 [debug] [Thread-4 (]: Using duckdb connection "model.grubgrid.stg_orders"
[0m16:04:15.220643 [debug] [Thread-2 (]: Opening a new connection, currently in state init
[0m16:04:15.222663 [debug] [Thread-1 (]: Began executing node model.grubgrid.dim_dates
[0m16:04:15.225011 [debug] [Thread-3 (]: On model.grubgrid.stg_menu_items: BEGIN
[0m16:04:15.225876 [debug] [Thread-4 (]: On model.grubgrid.stg_orders: BEGIN
[0m16:04:15.230378 [debug] [Thread-2 (]: SQL status: OK in 0.009 seconds
[0m16:04:15.247847 [debug] [Thread-3 (]: Opening a new connection, currently in state init
[0m16:04:15.299708 [debug] [Thread-1 (]: Writing runtime sql for node "model.grubgrid.dim_dates"
[0m16:04:15.299708 [debug] [Thread-4 (]: Opening a new connection, currently in state init
[0m16:04:15.302032 [debug] [Thread-2 (]: Using duckdb connection "model.grubgrid.stg_competitor_prices"
[0m16:04:15.302032 [debug] [Thread-3 (]: SQL status: OK in 0.059 seconds
[0m16:04:15.302032 [debug] [Thread-4 (]: SQL status: OK in 0.008 seconds
[0m16:04:15.311410 [debug] [Thread-2 (]: On model.grubgrid.stg_competitor_prices: /* {"app": "dbt", "dbt_version": "1.11.11", "profile_name": "grubgrid", "target_name": "dev", "node_id": "model.grubgrid.stg_competitor_prices"} */

  
  create view "grubgrid"."main_staging"."stg_competitor_prices__dbt_tmp" as (
    -- stg_competitor_prices.sql
-- Cleans competitor price scrape data

with source as (
    select * from "grubgrid"."public"."competitor_prices"
),

cleaned as (
    select
        id                                          as price_record_id,
        scraped_at::timestamp                       as scraped_at,
        scraped_at::date                            as scrape_date,
        trim(competitor_name)                       as competitor_name,
        trim(restaurant_name)                       as restaurant_name,
        trim(item_name)                             as item_name,
        competitor_price::numeric(10,2)             as competitor_price,
        our_price::numeric(10,2)                    as our_price,
        price_gap::numeric(10,2)                    as price_gap,
        is_undercut,

        -- derived
        abs(price_gap)                              as abs_price_gap,
        round(
            (abs(price_gap) / nullif(our_price, 0)) * 100, 2
        )                                           as price_gap_pct,

        case
            when abs(price_gap) >= 30 then 'critical'
            when abs(price_gap) >= 15 then 'high'
            when abs(price_gap) >= 10 then 'medium'
            else 'low'
        end                                         as alert_severity

    from source
    where our_price > 0
      and competitor_price > 0
)

select * from cleaned
  );

[0m16:04:15.314070 [debug] [Thread-1 (]: Using duckdb connection "model.grubgrid.dim_dates"
[0m16:04:15.314070 [debug] [Thread-3 (]: Using duckdb connection "model.grubgrid.stg_menu_items"
[0m16:04:15.317846 [debug] [Thread-4 (]: Using duckdb connection "model.grubgrid.stg_orders"
[0m16:04:15.321872 [debug] [Thread-1 (]: On model.grubgrid.dim_dates: /* {"app": "dbt", "dbt_version": "1.11.11", "profile_name": "grubgrid", "target_name": "dev", "node_id": "model.grubgrid.dim_dates"} */

  
    
    

    create  table
      "grubgrid"."main_marts"."dim_dates__dbt_tmp"
  
    as (
      -- dim_dates.sql
-- Date dimension generated from order date range

with date_spine as (
    





with rawdata as (

    

    

    with p as (
        select 0 as generated_number union all select 1
    ), unioned as (

    select

    
    p0.generated_number * power(2, 0)
     + 
    
    p1.generated_number * power(2, 1)
     + 
    
    p2.generated_number * power(2, 2)
     + 
    
    p3.generated_number * power(2, 3)
     + 
    
    p4.generated_number * power(2, 4)
     + 
    
    p5.generated_number * power(2, 5)
     + 
    
    p6.generated_number * power(2, 6)
     + 
    
    p7.generated_number * power(2, 7)
     + 
    
    p8.generated_number * power(2, 8)
     + 
    
    p9.generated_number * power(2, 9)
     + 
    
    p10.generated_number * power(2, 10)
    
    
    + 1
    as generated_number

    from

    
    p as p0
     cross join 
    
    p as p1
     cross join 
    
    p as p2
     cross join 
    
    p as p3
     cross join 
    
    p as p4
     cross join 
    
    p as p5
     cross join 
    
    p as p6
     cross join 
    
    p as p7
     cross join 
    
    p as p8
     cross join 
    
    p as p9
     cross join 
    
    p as p10
    
    

    )

    select *
    from unioned
    where generated_number <= 1095
    order by generated_number



),

all_periods as (

    select (
        

    (cast('2024-01-01' as date) + cast(row_number() over (order by 1) - 1 as bigint) * interval 1 day)
    ) as date_day
    from rawdata

),

filtered as (

    select *
    from all_periods
    where date_day <= cast('2026-12-31' as date)

)

select * from filtered


),

final as (
    select
        cast(date_day as date)                              as date_id,
        extract(year  from date_day)::integer               as year,
        extract(month from date_day)::integer               as month,
        extract(day   from date_day)::integer               as day,
        extract(dow   from date_day)::integer               as day_of_week,   -- 0=Sun
        extract(week  from date_day)::integer               as week_of_year,
        extract(quarter from date_day)::integer             as quarter,

        to_char(date_day, 'Month')                          as month_name,
        to_char(date_day, 'Day')                            as day_name,

        case extract(dow from date_day)::integer
            when 0 then true
            when 6 then true
            else false
        end                                                 as is_weekend,

        case extract(month from date_day)::integer
            when 1  then 'Q1' when 2  then 'Q1' when 3  then 'Q1'
            when 4  then 'Q2' when 5  then 'Q2' when 6  then 'Q2'
            when 7  then 'Q3' when 8  then 'Q3' when 9  then 'Q3'
            when 10 then 'Q4' when 11 then 'Q4' when 12 then 'Q4'
        end                                                 as fiscal_quarter

    from date_spine
)

select * from final
    );
  
  
[0m16:04:15.325943 [debug] [Thread-2 (]: DuckDB adapter: duckdb error: Catalog Error: Table with name "public.competitor_prices" does not exist because schema "public" does not exist.

LINE 9:     select * from "grubgrid"."public"."competitor_prices"
                          ^
[0m16:04:15.328251 [debug] [Thread-3 (]: On model.grubgrid.stg_menu_items: /* {"app": "dbt", "dbt_version": "1.11.11", "profile_name": "grubgrid", "target_name": "dev", "node_id": "model.grubgrid.stg_menu_items"} */

  
  create view "grubgrid"."main_staging"."stg_menu_items__dbt_tmp" as (
    -- stg_menu_items.sql
-- Cleans menu item master data
-- Falls back to deriving items from raw_orders if menu_items table is empty

with from_table as (
    select
        item_id,
        restaurant_id,
        trim(item_name)         as item_name,
        trim(category)          as category,
        price::numeric(10,2)    as price,
        is_available,
        created_at::timestamp   as created_at
    from "grubgrid"."public"."menu_items"
),

from_orders as (
    select distinct
        item_id,
        restaurant_id,
        item_name,
        null::varchar           as category,
        unit_price              as price,
        true                    as is_available,
        min(placed_at)          as created_at
    from "grubgrid"."public"."raw_orders"
    group by item_id, restaurant_id, item_name, unit_price
),

combined as (
    select * from from_table
    union all
    select * from from_orders
    where item_id not in (select item_id from from_table)
)

select * from combined
  );

[0m16:04:15.328251 [debug] [Thread-4 (]: On model.grubgrid.stg_orders: /* {"app": "dbt", "dbt_version": "1.11.11", "profile_name": "grubgrid", "target_name": "dev", "node_id": "model.grubgrid.stg_orders"} */

  
  create view "grubgrid"."main_staging"."stg_orders__dbt_tmp" as (
    -- stg_orders.sql
-- Cleans and standardises raw orders from PostgreSQL

with source as (
    select * from "grubgrid"."public"."raw_orders"
),

cleaned as (
    select
        order_id,
        restaurant_id,
        trim(restaurant_name)                       as restaurant_name,
        item_id,
        trim(item_name)                             as item_name,
        quantity::integer                           as quantity,
        unit_price::numeric(10,2)                   as unit_price,
        total_price::numeric(10,2)                  as total_price,
        customer_id,
        trim(location)                              as location,
        lower(trim(status))                         as status,
        placed_at::timestamp                        as placed_at,
        delivered_at::timestamp                     as delivered_at,

        -- derived columns
        date_trunc('hour', placed_at)               as placed_hour,
        placed_at::date                             as order_date,
        extract(hour from placed_at)::integer       as order_hour,
        extract(dow  from placed_at)::integer       as day_of_week,  -- 0=Sun, 6=Sat

        case
            when status = 'delivered' and delivered_at is not null
            then extract(epoch from (delivered_at - placed_at)) / 60
        end                                         as delivery_minutes

    from source
    where order_id is not null
      and total_price > 0
)

select * from cleaned
  );

[0m16:04:15.333974 [debug] [Thread-2 (]: DuckDB adapter: Error running SQL: /* {"app": "dbt", "dbt_version": "1.11.11", "profile_name": "grubgrid", "target_name": "dev", "node_id": "model.grubgrid.stg_competitor_prices"} */

  
  create view "grubgrid"."main_staging"."stg_competitor_prices__dbt_tmp" as (
    -- stg_competitor_prices.sql
-- Cleans competitor price scrape data

with source as (
    select * from "grubgrid"."public"."competitor_prices"
),

cleaned as (
    select
        id                                          as price_record_id,
        scraped_at::timestamp                       as scraped_at,
        scraped_at::date                            as scrape_date,
        trim(competitor_name)                       as competitor_name,
        trim(restaurant_name)                       as restaurant_name,
        trim(item_name)                             as item_name,
        competitor_price::numeric(10,2)             as competitor_price,
        our_price::numeric(10,2)                    as our_price,
        price_gap::numeric(10,2)                    as price_gap,
        is_undercut,

        -- derived
        abs(price_gap)                              as abs_price_gap,
        round(
            (abs(price_gap) / nullif(our_price, 0)) * 100, 2
        )                                           as price_gap_pct,

        case
            when abs(price_gap) >= 30 then 'critical'
            when abs(price_gap) >= 15 then 'high'
            when abs(price_gap) >= 10 then 'medium'
            else 'low'
        end                                         as alert_severity

    from source
    where our_price > 0
      and competitor_price > 0
)

select * from cleaned
  );

[0m16:04:15.338591 [debug] [Thread-3 (]: DuckDB adapter: duckdb error: Catalog Error: Table with name "public.menu_items" does not exist because schema "public" does not exist.

LINE 18:     from "grubgrid"."public"."menu_items"
                  ^
[0m16:04:15.340606 [debug] [Thread-2 (]: DuckDB adapter: Rolling back transaction.
[0m16:04:15.342623 [debug] [Thread-4 (]: DuckDB adapter: duckdb error: Catalog Error: Table with name "public.raw_orders" does not exist because schema "public" does not exist.

LINE 9:     select * from "grubgrid"."public"."raw_orders"
                          ^
[0m16:04:15.344642 [debug] [Thread-3 (]: DuckDB adapter: Error running SQL: /* {"app": "dbt", "dbt_version": "1.11.11", "profile_name": "grubgrid", "target_name": "dev", "node_id": "model.grubgrid.stg_menu_items"} */

  
  create view "grubgrid"."main_staging"."stg_menu_items__dbt_tmp" as (
    -- stg_menu_items.sql
-- Cleans menu item master data
-- Falls back to deriving items from raw_orders if menu_items table is empty

with from_table as (
    select
        item_id,
        restaurant_id,
        trim(item_name)         as item_name,
        trim(category)          as category,
        price::numeric(10,2)    as price,
        is_available,
        created_at::timestamp   as created_at
    from "grubgrid"."public"."menu_items"
),

from_orders as (
    select distinct
        item_id,
        restaurant_id,
        item_name,
        null::varchar           as category,
        unit_price              as price,
        true                    as is_available,
        min(placed_at)          as created_at
    from "grubgrid"."public"."raw_orders"
    group by item_id, restaurant_id, item_name, unit_price
),

combined as (
    select * from from_table
    union all
    select * from from_orders
    where item_id not in (select item_id from from_table)
)

select * from combined
  );

[0m16:04:15.346663 [debug] [Thread-2 (]: On model.grubgrid.stg_competitor_prices: ROLLBACK
[0m16:04:15.349695 [debug] [Thread-1 (]: DuckDB adapter: duckdb error: Catalog Error: Scalar Function with name to_char does not exist!
Did you mean "to_hours"?

LINE 152:         to_char(date_day, 'Month')                          as mont...
                  ^
[0m16:04:15.351709 [debug] [Thread-4 (]: DuckDB adapter: Error running SQL: /* {"app": "dbt", "dbt_version": "1.11.11", "profile_name": "grubgrid", "target_name": "dev", "node_id": "model.grubgrid.stg_orders"} */

  
  create view "grubgrid"."main_staging"."stg_orders__dbt_tmp" as (
    -- stg_orders.sql
-- Cleans and standardises raw orders from PostgreSQL

with source as (
    select * from "grubgrid"."public"."raw_orders"
),

cleaned as (
    select
        order_id,
        restaurant_id,
        trim(restaurant_name)                       as restaurant_name,
        item_id,
        trim(item_name)                             as item_name,
        quantity::integer                           as quantity,
        unit_price::numeric(10,2)                   as unit_price,
        total_price::numeric(10,2)                  as total_price,
        customer_id,
        trim(location)                              as location,
        lower(trim(status))                         as status,
        placed_at::timestamp                        as placed_at,
        delivered_at::timestamp                     as delivered_at,

        -- derived columns
        date_trunc('hour', placed_at)               as placed_hour,
        placed_at::date                             as order_date,
        extract(hour from placed_at)::integer       as order_hour,
        extract(dow  from placed_at)::integer       as day_of_week,  -- 0=Sun, 6=Sat

        case
            when status = 'delivered' and delivered_at is not null
            then extract(epoch from (delivered_at - placed_at)) / 60
        end                                         as delivery_minutes

    from source
    where order_id is not null
      and total_price > 0
)

select * from cleaned
  );

[0m16:04:15.353721 [debug] [Thread-3 (]: DuckDB adapter: Rolling back transaction.
[0m16:04:15.355739 [debug] [Thread-1 (]: DuckDB adapter: Error running SQL: /* {"app": "dbt", "dbt_version": "1.11.11", "profile_name": "grubgrid", "target_name": "dev", "node_id": "model.grubgrid.dim_dates"} */

  
    
    

    create  table
      "grubgrid"."main_marts"."dim_dates__dbt_tmp"
  
    as (
      -- dim_dates.sql
-- Date dimension generated from order date range

with date_spine as (
    





with rawdata as (

    

    

    with p as (
        select 0 as generated_number union all select 1
    ), unioned as (

    select

    
    p0.generated_number * power(2, 0)
     + 
    
    p1.generated_number * power(2, 1)
     + 
    
    p2.generated_number * power(2, 2)
     + 
    
    p3.generated_number * power(2, 3)
     + 
    
    p4.generated_number * power(2, 4)
     + 
    
    p5.generated_number * power(2, 5)
     + 
    
    p6.generated_number * power(2, 6)
     + 
    
    p7.generated_number * power(2, 7)
     + 
    
    p8.generated_number * power(2, 8)
     + 
    
    p9.generated_number * power(2, 9)
     + 
    
    p10.generated_number * power(2, 10)
    
    
    + 1
    as generated_number

    from

    
    p as p0
     cross join 
    
    p as p1
     cross join 
    
    p as p2
     cross join 
    
    p as p3
     cross join 
    
    p as p4
     cross join 
    
    p as p5
     cross join 
    
    p as p6
     cross join 
    
    p as p7
     cross join 
    
    p as p8
     cross join 
    
    p as p9
     cross join 
    
    p as p10
    
    

    )

    select *
    from unioned
    where generated_number <= 1095
    order by generated_number



),

all_periods as (

    select (
        

    (cast('2024-01-01' as date) + cast(row_number() over (order by 1) - 1 as bigint) * interval 1 day)
    ) as date_day
    from rawdata

),

filtered as (

    select *
    from all_periods
    where date_day <= cast('2026-12-31' as date)

)

select * from filtered


),

final as (
    select
        cast(date_day as date)                              as date_id,
        extract(year  from date_day)::integer               as year,
        extract(month from date_day)::integer               as month,
        extract(day   from date_day)::integer               as day,
        extract(dow   from date_day)::integer               as day_of_week,   -- 0=Sun
        extract(week  from date_day)::integer               as week_of_year,
        extract(quarter from date_day)::integer             as quarter,

        to_char(date_day, 'Month')                          as month_name,
        to_char(date_day, 'Day')                            as day_name,

        case extract(dow from date_day)::integer
            when 0 then true
            when 6 then true
            else false
        end                                                 as is_weekend,

        case extract(month from date_day)::integer
            when 1  then 'Q1' when 2  then 'Q1' when 3  then 'Q1'
            when 4  then 'Q2' when 5  then 'Q2' when 6  then 'Q2'
            when 7  then 'Q3' when 8  then 'Q3' when 9  then 'Q3'
            when 10 then 'Q4' when 11 then 'Q4' when 12 then 'Q4'
        end                                                 as fiscal_quarter

    from date_spine
)

select * from final
    );
  
  
[0m16:04:15.359605 [debug] [Thread-4 (]: DuckDB adapter: Rolling back transaction.
[0m16:04:15.362740 [debug] [Thread-3 (]: On model.grubgrid.stg_menu_items: ROLLBACK
[0m16:04:15.362740 [debug] [Thread-1 (]: DuckDB adapter: Rolling back transaction.
[0m16:04:15.365481 [debug] [Thread-2 (]: Failed to rollback 'model.grubgrid.stg_competitor_prices'
[0m16:04:15.365481 [debug] [Thread-4 (]: On model.grubgrid.stg_orders: ROLLBACK
[0m16:04:15.365481 [debug] [Thread-3 (]: Failed to rollback 'model.grubgrid.stg_menu_items'
[0m16:04:15.365481 [debug] [Thread-1 (]: On model.grubgrid.dim_dates: ROLLBACK
[0m16:04:15.365481 [debug] [Thread-2 (]: On model.grubgrid.stg_competitor_prices: Close
[0m16:04:15.365481 [debug] [Thread-3 (]: On model.grubgrid.stg_menu_items: Close
[0m16:04:15.381595 [debug] [Thread-4 (]: Failed to rollback 'model.grubgrid.stg_orders'
[0m16:04:15.385384 [debug] [Thread-1 (]: Failed to rollback 'model.grubgrid.dim_dates'
[0m16:04:15.385384 [debug] [Thread-4 (]: On model.grubgrid.stg_orders: Close
[0m16:04:15.385384 [debug] [Thread-1 (]: On model.grubgrid.dim_dates: Close
[0m16:04:15.460448 [debug] [Thread-3 (]: Runtime Error in model stg_menu_items (models\staging\stg_menu_items.sql)
  Catalog Error: Table with name "public.menu_items" does not exist because schema "public" does not exist.
  
  LINE 18:     from "grubgrid"."public"."menu_items"
                    ^
[0m16:04:15.464126 [debug] [Thread-4 (]: Runtime Error in model stg_orders (models\staging\stg_orders.sql)
  Catalog Error: Table with name "public.raw_orders" does not exist because schema "public" does not exist.
  
  LINE 9:     select * from "grubgrid"."public"."raw_orders"
                            ^
[0m16:04:15.469547 [debug] [Thread-2 (]: Runtime Error in model stg_competitor_prices (models\staging\stg_competitor_prices.sql)
  Catalog Error: Table with name "public.competitor_prices" does not exist because schema "public" does not exist.
  
  LINE 9:     select * from "grubgrid"."public"."competitor_prices"
                            ^
[0m16:04:15.477253 [debug] [Thread-1 (]: Runtime Error in model dim_dates (models\marts\dim_dates.sql)
  Catalog Error: Scalar Function with name to_char does not exist!
  Did you mean "to_hours"?
  
  LINE 152:         to_char(date_day, 'Month')                          as mont...
                    ^
[0m16:04:15.482758 [debug] [Thread-3 (]: Sending event: {'category': 'dbt', 'action': 'run_model', 'label': '58425db5-e901-418d-bd6a-f0d93a54e25a', 'context': [<snowplow_tracker.self_describing_json.SelfDescribingJson object at 0x000002722F8CB6D0>]}
[0m16:04:15.484875 [debug] [Thread-4 (]: Sending event: {'category': 'dbt', 'action': 'run_model', 'label': '58425db5-e901-418d-bd6a-f0d93a54e25a', 'context': [<snowplow_tracker.self_describing_json.SelfDescribingJson object at 0x000002722FC1CA50>]}
[0m16:04:15.486892 [debug] [Thread-2 (]: Sending event: {'category': 'dbt', 'action': 'run_model', 'label': '58425db5-e901-418d-bd6a-f0d93a54e25a', 'context': [<snowplow_tracker.self_describing_json.SelfDescribingJson object at 0x000002722F8B3C10>]}
[0m16:04:15.487960 [debug] [Thread-1 (]: Sending event: {'category': 'dbt', 'action': 'run_model', 'label': '58425db5-e901-418d-bd6a-f0d93a54e25a', 'context': [<snowplow_tracker.self_describing_json.SelfDescribingJson object at 0x000002722F88EF10>]}
[0m16:04:15.490516 [error] [Thread-3 (]: 3 of 10 ERROR creating sql view model main_staging.stg_menu_items .............. [[31mERROR[0m in 0.53s]
[0m16:04:15.493883 [error] [Thread-4 (]: 4 of 10 ERROR creating sql view model main_staging.stg_orders .................. [[31mERROR[0m in 0.54s]
[0m16:04:15.495898 [error] [Thread-2 (]: 2 of 10 ERROR creating sql view model main_staging.stg_competitor_prices ....... [[31mERROR[0m in 0.55s]
[0m16:04:15.499651 [error] [Thread-1 (]: 1 of 10 ERROR creating sql table model main_marts.dim_dates .................... [[31mERROR[0m in 0.55s]
[0m16:04:15.501193 [debug] [Thread-3 (]: Finished running node model.grubgrid.stg_menu_items
[0m16:04:15.507191 [debug] [Thread-4 (]: Finished running node model.grubgrid.stg_orders
[0m16:04:15.509206 [debug] [Thread-2 (]: Finished running node model.grubgrid.stg_competitor_prices
[0m16:04:15.512986 [debug] [Thread-1 (]: Finished running node model.grubgrid.dim_dates
[0m16:04:15.512986 [debug] [Thread-3 (]: Began running node model.grubgrid.stg_restaurants
[0m16:04:15.516774 [debug] [Thread-7 (]: Marking all children of 'model.grubgrid.stg_menu_items' to be skipped because of status 'error'.  Reason: Runtime Error in model stg_menu_items (models\staging\stg_menu_items.sql)
  Catalog Error: Table with name "public.menu_items" does not exist because schema "public" does not exist.
  
  LINE 18:     from "grubgrid"."public"."menu_items"
                    ^.
[0m16:04:15.524906 [info ] [Thread-3 (]: 5 of 10 START sql view model main_staging.stg_restaurants ...................... [RUN]
[0m16:04:15.527637 [debug] [Thread-7 (]: Marking all children of 'model.grubgrid.stg_orders' to be skipped because of status 'error'.  Reason: Runtime Error in model stg_orders (models\staging\stg_orders.sql)
  Catalog Error: Table with name "public.raw_orders" does not exist because schema "public" does not exist.
  
  LINE 9:     select * from "grubgrid"."public"."raw_orders"
                            ^.
[0m16:04:15.529653 [debug] [Thread-4 (]: Began running node model.grubgrid.dim_menu_items
[0m16:04:15.531666 [debug] [Thread-3 (]: Re-using an available connection from the pool (formerly model.grubgrid.stg_menu_items, now model.grubgrid.stg_restaurants)
[0m16:04:15.533179 [debug] [Thread-7 (]: Marking all children of 'model.grubgrid.stg_competitor_prices' to be skipped because of status 'error'.  Reason: Runtime Error in model stg_competitor_prices (models\staging\stg_competitor_prices.sql)
  Catalog Error: Table with name "public.competitor_prices" does not exist because schema "public" does not exist.
  
  LINE 9:     select * from "grubgrid"."public"."competitor_prices"
                            ^.
[0m16:04:15.537327 [debug] [Thread-1 (]: Began running node model.grubgrid.dim_locations
[0m16:04:15.541363 [debug] [Thread-3 (]: Began compiling node model.grubgrid.stg_restaurants
[0m16:04:15.539345 [info ] [Thread-4 (]: 6 of 10 SKIP relation main_marts.dim_menu_items ................................ [[33mSKIP[0m]
[0m16:04:15.545541 [debug] [Thread-7 (]: Marking all children of 'model.grubgrid.dim_dates' to be skipped because of status 'error'.  Reason: Runtime Error in model dim_dates (models\marts\dim_dates.sql)
  Catalog Error: Scalar Function with name to_char does not exist!
  Did you mean "to_hours"?
  
  LINE 152:         to_char(date_day, 'Month')                          as mont...
                    ^.
[0m16:04:15.545541 [info ] [Thread-1 (]: 7 of 10 SKIP relation main_marts.dim_locations ................................. [[33mSKIP[0m]
[0m16:04:15.567134 [debug] [Thread-3 (]: Writing injected SQL for node "model.grubgrid.stg_restaurants"
[0m16:04:15.569150 [debug] [Thread-4 (]: Finished running node model.grubgrid.dim_menu_items
[0m16:04:15.572900 [debug] [Thread-1 (]: Finished running node model.grubgrid.dim_locations
[0m16:04:15.579079 [debug] [Thread-3 (]: Began executing node model.grubgrid.stg_restaurants
[0m16:04:15.589227 [debug] [Thread-3 (]: Writing runtime sql for node "model.grubgrid.stg_restaurants"
[0m16:04:15.589227 [debug] [Thread-3 (]: Using duckdb connection "model.grubgrid.stg_restaurants"
[0m16:04:15.595216 [debug] [Thread-3 (]: On model.grubgrid.stg_restaurants: BEGIN
[0m16:04:15.597439 [debug] [Thread-3 (]: Opening a new connection, currently in state closed
[0m16:04:15.600970 [debug] [Thread-3 (]: SQL status: OK in 0.003 seconds
[0m16:04:15.602983 [debug] [Thread-3 (]: Using duckdb connection "model.grubgrid.stg_restaurants"
[0m16:04:15.602983 [debug] [Thread-3 (]: On model.grubgrid.stg_restaurants: /* {"app": "dbt", "dbt_version": "1.11.11", "profile_name": "grubgrid", "target_name": "dev", "node_id": "model.grubgrid.stg_restaurants"} */

  
  create view "grubgrid"."main_staging"."stg_restaurants__dbt_tmp" as (
    -- stg_restaurants.sql
-- Cleans restaurant master data
-- Falls back to deriving unique restaurants from raw_orders
-- if the restaurants table is empty

with from_table as (
    select
        restaurant_id,
        trim(restaurant_name)   as restaurant_name,
        trim(cuisine_type)      as cuisine_type,
        trim(location)          as location,
        rating::numeric(3,1)    as rating,
        is_active,
        joined_at::timestamp    as joined_at
    from "grubgrid"."public"."restaurants"
),

from_orders as (
    select distinct
        restaurant_id,
        restaurant_name,
        null::varchar           as cuisine_type,
        null::varchar           as location,
        null::numeric(3,1)      as rating,
        true                    as is_active,
        min(placed_at)          as joined_at
    from "grubgrid"."public"."raw_orders"
    group by restaurant_id, restaurant_name
),

combined as (
    select * from from_table
    union all
    select * from from_orders
    where restaurant_id not in (select restaurant_id from from_table)
)

select * from combined
  );

[0m16:04:15.610269 [debug] [Thread-3 (]: DuckDB adapter: duckdb error: Catalog Error: Table with name "public.restaurants" does not exist because schema "public" does not exist.

LINE 19:     from "grubgrid"."public"."restaurants"
                  ^
[0m16:04:15.611279 [debug] [Thread-3 (]: DuckDB adapter: Error running SQL: /* {"app": "dbt", "dbt_version": "1.11.11", "profile_name": "grubgrid", "target_name": "dev", "node_id": "model.grubgrid.stg_restaurants"} */

  
  create view "grubgrid"."main_staging"."stg_restaurants__dbt_tmp" as (
    -- stg_restaurants.sql
-- Cleans restaurant master data
-- Falls back to deriving unique restaurants from raw_orders
-- if the restaurants table is empty

with from_table as (
    select
        restaurant_id,
        trim(restaurant_name)   as restaurant_name,
        trim(cuisine_type)      as cuisine_type,
        trim(location)          as location,
        rating::numeric(3,1)    as rating,
        is_active,
        joined_at::timestamp    as joined_at
    from "grubgrid"."public"."restaurants"
),

from_orders as (
    select distinct
        restaurant_id,
        restaurant_name,
        null::varchar           as cuisine_type,
        null::varchar           as location,
        null::numeric(3,1)      as rating,
        true                    as is_active,
        min(placed_at)          as joined_at
    from "grubgrid"."public"."raw_orders"
    group by restaurant_id, restaurant_name
),

combined as (
    select * from from_table
    union all
    select * from from_orders
    where restaurant_id not in (select restaurant_id from from_table)
)

select * from combined
  );

[0m16:04:15.611279 [debug] [Thread-3 (]: DuckDB adapter: Rolling back transaction.
[0m16:04:15.611279 [debug] [Thread-3 (]: On model.grubgrid.stg_restaurants: ROLLBACK
[0m16:04:15.611279 [debug] [Thread-3 (]: Failed to rollback 'model.grubgrid.stg_restaurants'
[0m16:04:15.611279 [debug] [Thread-3 (]: On model.grubgrid.stg_restaurants: Close
[0m16:04:15.627175 [debug] [Thread-3 (]: Runtime Error in model stg_restaurants (models\staging\stg_restaurants.sql)
  Catalog Error: Table with name "public.restaurants" does not exist because schema "public" does not exist.
  
  LINE 19:     from "grubgrid"."public"."restaurants"
                    ^
[0m16:04:15.629190 [debug] [Thread-3 (]: Sending event: {'category': 'dbt', 'action': 'run_model', 'label': '58425db5-e901-418d-bd6a-f0d93a54e25a', 'context': [<snowplow_tracker.self_describing_json.SelfDescribingJson object at 0x000002722FA95890>]}
[0m16:04:15.632850 [error] [Thread-3 (]: 5 of 10 ERROR creating sql view model main_staging.stg_restaurants ............. [[31mERROR[0m in 0.10s]
[0m16:04:15.635266 [debug] [Thread-3 (]: Finished running node model.grubgrid.stg_restaurants
[0m16:04:15.635266 [debug] [Thread-7 (]: Marking all children of 'model.grubgrid.stg_restaurants' to be skipped because of status 'error'.  Reason: Runtime Error in model stg_restaurants (models\staging\stg_restaurants.sql)
  Catalog Error: Table with name "public.restaurants" does not exist because schema "public" does not exist.
  
  LINE 19:     from "grubgrid"."public"."restaurants"
                    ^.
[0m16:04:15.637930 [debug] [Thread-2 (]: Began running node model.grubgrid.dim_restaurants
[0m16:04:15.643330 [info ] [Thread-2 (]: 8 of 10 SKIP relation main_marts.dim_restaurants ............................... [[33mSKIP[0m]
[0m16:04:15.646250 [debug] [Thread-2 (]: Finished running node model.grubgrid.dim_restaurants
[0m16:04:15.646250 [debug] [Thread-1 (]: Began running node model.grubgrid.fact_competitor_prices
[0m16:04:15.648717 [debug] [Thread-3 (]: Began running node model.grubgrid.fact_orders
[0m16:04:15.650984 [info ] [Thread-1 (]: 9 of 10 SKIP relation main_marts.fact_competitor_prices ........................ [[33mSKIP[0m]
[0m16:04:15.653415 [info ] [Thread-3 (]: 10 of 10 SKIP relation main_marts.fact_orders .................................. [[33mSKIP[0m]
[0m16:04:15.653415 [debug] [Thread-1 (]: Finished running node model.grubgrid.fact_competitor_prices
[0m16:04:15.661300 [debug] [Thread-3 (]: Finished running node model.grubgrid.fact_orders
[0m16:04:15.667030 [debug] [MainThread]: Using duckdb connection "master"
[0m16:04:15.671028 [debug] [MainThread]: On master: BEGIN
[0m16:04:15.673041 [debug] [MainThread]: Opening a new connection, currently in state closed
[0m16:04:15.677072 [debug] [MainThread]: SQL status: OK in 0.003 seconds
[0m16:04:15.679087 [debug] [MainThread]: On master: COMMIT
[0m16:04:15.679087 [debug] [MainThread]: Using duckdb connection "master"
[0m16:04:15.683099 [debug] [MainThread]: On master: COMMIT
[0m16:04:15.683099 [debug] [MainThread]: SQL status: OK in 0.001 seconds
[0m16:04:15.688272 [debug] [MainThread]: On master: Close
[0m16:04:15.691313 [debug] [MainThread]: Connection 'master' was properly closed.
[0m16:04:15.691313 [debug] [MainThread]: Connection 'create_grubgrid_main_marts' was properly closed.
[0m16:04:15.691313 [debug] [MainThread]: Connection 'create_grubgrid_main_staging' was properly closed.
[0m16:04:15.691313 [debug] [MainThread]: Connection 'list_grubgrid_main_staging' was properly closed.
[0m16:04:15.691313 [debug] [MainThread]: Connection 'list_grubgrid_main_marts' was properly closed.
[0m16:04:15.699487 [debug] [MainThread]: Connection 'model.grubgrid.dim_dates' was properly closed.
[0m16:04:15.699487 [debug] [MainThread]: Connection 'model.grubgrid.stg_competitor_prices' was properly closed.
[0m16:04:15.701548 [debug] [MainThread]: Connection 'model.grubgrid.stg_restaurants' was properly closed.
[0m16:04:15.701548 [debug] [MainThread]: Connection 'model.grubgrid.stg_orders' was properly closed.
[0m16:04:15.701548 [info ] [MainThread]: 
[0m16:04:15.707803 [info ] [MainThread]: Finished running 6 table models, 4 view models in 0 hours 0 minutes and 4.87 seconds (4.87s).
[0m16:04:15.710189 [debug] [MainThread]: Command end result
[0m16:04:15.917943 [debug] [MainThread]: Wrote artifact WritableManifest to E:\GrubGrid\dbt_project\target\manifest.json
[0m16:04:15.917943 [debug] [MainThread]: Wrote artifact SemanticManifest to E:\GrubGrid\dbt_project\target\semantic_manifest.json
[0m16:04:15.952866 [debug] [MainThread]: Wrote artifact RunExecutionResult to E:\GrubGrid\dbt_project\target\run_results.json
[0m16:04:15.954101 [info ] [MainThread]: 
[0m16:04:15.956839 [info ] [MainThread]: [31mCompleted with 5 errors, 0 partial successes, and 0 warnings:[0m
[0m16:04:15.959338 [info ] [MainThread]: 
[0m16:04:15.959973 [error] [MainThread]: [31mFailure in model stg_menu_items (models\staging\stg_menu_items.sql)[0m
[0m16:04:15.959973 [error] [MainThread]:   Runtime Error in model stg_menu_items (models\staging\stg_menu_items.sql)
  Catalog Error: Table with name "public.menu_items" does not exist because schema "public" does not exist.
  
  LINE 18:     from "grubgrid"."public"."menu_items"
                    ^
[0m16:04:15.963898 [info ] [MainThread]: 
[0m16:04:15.965985 [info ] [MainThread]:   compiled code at target\compiled\grubgrid\models\staging\stg_menu_items.sql
[0m16:04:15.968299 [info ] [MainThread]: 
[0m16:04:15.972273 [error] [MainThread]: [31mFailure in model stg_orders (models\staging\stg_orders.sql)[0m
[0m16:04:15.973995 [error] [MainThread]:   Runtime Error in model stg_orders (models\staging\stg_orders.sql)
  Catalog Error: Table with name "public.raw_orders" does not exist because schema "public" does not exist.
  
  LINE 9:     select * from "grubgrid"."public"."raw_orders"
                            ^
[0m16:04:15.976702 [info ] [MainThread]: 
[0m16:04:15.979343 [info ] [MainThread]:   compiled code at target\compiled\grubgrid\models\staging\stg_orders.sql
[0m16:04:15.983847 [info ] [MainThread]: 
[0m16:04:15.986216 [error] [MainThread]: [31mFailure in model stg_competitor_prices (models\staging\stg_competitor_prices.sql)[0m
[0m16:04:15.990500 [error] [MainThread]:   Runtime Error in model stg_competitor_prices (models\staging\stg_competitor_prices.sql)
  Catalog Error: Table with name "public.competitor_prices" does not exist because schema "public" does not exist.
  
  LINE 9:     select * from "grubgrid"."public"."competitor_prices"
                            ^
[0m16:04:15.994537 [info ] [MainThread]: 
[0m16:04:15.996553 [info ] [MainThread]:   compiled code at target\compiled\grubgrid\models\staging\stg_competitor_prices.sql
[0m16:04:15.996553 [info ] [MainThread]: 
[0m16:04:16.002052 [error] [MainThread]: [31mFailure in model dim_dates (models\marts\dim_dates.sql)[0m
[0m16:04:16.005278 [error] [MainThread]:   Runtime Error in model dim_dates (models\marts\dim_dates.sql)
  Catalog Error: Scalar Function with name to_char does not exist!
  Did you mean "to_hours"?
  
  LINE 152:         to_char(date_day, 'Month')                          as mont...
                    ^
[0m16:04:16.005278 [info ] [MainThread]: 
[0m16:04:16.005278 [info ] [MainThread]:   compiled code at target\compiled\grubgrid\models\marts\dim_dates.sql
[0m16:04:16.005278 [info ] [MainThread]: 
[0m16:04:16.005278 [error] [MainThread]: [31mFailure in model stg_restaurants (models\staging\stg_restaurants.sql)[0m
[0m16:04:16.017920 [error] [MainThread]:   Runtime Error in model stg_restaurants (models\staging\stg_restaurants.sql)
  Catalog Error: Table with name "public.restaurants" does not exist because schema "public" does not exist.
  
  LINE 19:     from "grubgrid"."public"."restaurants"
                    ^
[0m16:04:16.017920 [info ] [MainThread]: 
[0m16:04:16.022063 [info ] [MainThread]:   compiled code at target\compiled\grubgrid\models\staging\stg_restaurants.sql
[0m16:04:16.023603 [info ] [MainThread]: 
[0m16:04:16.023603 [info ] [MainThread]: Done. PASS=0 WARN=0 ERROR=5 SKIP=5 NO-OP=0 TOTAL=10
[0m16:04:16.023603 [warn ] [MainThread]: [[33mWARNING[0m][DeprecationsSummary]: Deprecated functionality
Summary of encountered deprecations:
- MissingArgumentsPropertyInGenericTestDeprecation: 9 occurrences
To see all deprecation instances instead of just the first occurrence of each,
run command again with the `--show-all-deprecations` flag. You may also need to
run with `--no-partial-parse` as some deprecations are only encountered during
parsing.
[0m16:04:16.035465 [debug] [MainThread]: Command `dbt run` failed at 16:04:16.035465 after 18.49 seconds
[0m16:04:16.037742 [debug] [MainThread]: Sending event: {'category': 'dbt', 'action': 'invocation', 'label': 'end', 'context': [<snowplow_tracker.self_describing_json.SelfDescribingJson object at 0x000002722C941BD0>, <snowplow_tracker.self_describing_json.SelfDescribingJson object at 0x000002722DC89910>, <snowplow_tracker.self_describing_json.SelfDescribingJson object at 0x000002722DD27C90>]}
[0m16:04:16.038677 [debug] [MainThread]: Flushing usage events
[0m16:04:22.484607 [debug] [MainThread]: An error was encountered while trying to flush usage events
[0m16:11:00.426431 [debug] [MainThread]: Sending event: {'category': 'dbt', 'action': 'invocation', 'label': 'start', 'context': [<snowplow_tracker.self_describing_json.SelfDescribingJson object at 0x00000211338FFD50>, <snowplow_tracker.self_describing_json.SelfDescribingJson object at 0x00000211338F7CD0>, <snowplow_tracker.self_describing_json.SelfDescribingJson object at 0x00000211338F7B10>]}


============================== 16:11:00.438842 | 7237edbe-3d5f-485a-8383-fd972fa9ff82 ==============================
[0m16:11:00.438842 [info ] [MainThread]: Running with dbt=1.11.11
[0m16:11:00.440867 [debug] [MainThread]: running dbt with arguments {'static_parser': 'True', 'no_print': 'None', 'version_check': 'True', 'warn_error_options': 'WarnErrorOptionsV2(error=[], warn=[], silence=[])', 'target_path': 'None', 'printer_width': '80', 'write_json': 'True', 'introspect': 'True', 'log_cache_events': 'False', 'empty': 'False', 'cache_selected_only': 'False', 'log_format': 'default', 'debug': 'False', 'fail_fast': 'False', 'partial_parse': 'True', 'send_anonymous_usage_stats': 'True', 'quiet': 'False', 'warn_error': 'None', 'profiles_dir': '.', 'indirect_selection': 'eager', 'use_colors': 'True', 'invocation_command': 'dbt run --profiles-dir .', 'use_experimental_parser': 'False', 'log_path': 'E:\\GrubGrid\\dbt_project\\logs'}
[0m16:11:01.211367 [debug] [MainThread]: Sending event: {'category': 'dbt', 'action': 'project_id', 'label': '7237edbe-3d5f-485a-8383-fd972fa9ff82', 'context': [<snowplow_tracker.self_describing_json.SelfDescribingJson object at 0x0000021134A06FD0>]}
[0m16:11:01.407308 [debug] [MainThread]: Sending event: {'category': 'dbt', 'action': 'adapter_info', 'label': '7237edbe-3d5f-485a-8383-fd972fa9ff82', 'context': [<snowplow_tracker.self_describing_json.SelfDescribingJson object at 0x000002113004D810>]}
[0m16:11:01.422719 [info ] [MainThread]: Registered adapter: duckdb=1.10.1
[0m16:11:02.432313 [debug] [MainThread]: checksum: 30a8cc8fdcbf66701b0944d4ccce3fa46dd04b61e5df68b9f16d57b2e0e3f0be, vars: {}, profile: , target: , version: 1.11.11
[0m16:11:02.888765 [info ] [MainThread]: Unable to do partial parsing because profile has changed
[0m16:11:02.890795 [debug] [MainThread]: Sending event: {'category': 'dbt', 'action': 'partial_parser', 'label': '7237edbe-3d5f-485a-8383-fd972fa9ff82', 'context': [<snowplow_tracker.self_describing_json.SelfDescribingJson object at 0x00000211328FEAD0>]}
[0m16:11:07.435779 [warn ] [MainThread]: [[33mWARNING[0m][MissingArgumentsPropertyInGenericTestDeprecation]: Deprecated
functionality
Found top-level arguments to test `dbt_utils.expression_is_true` defined on
'stg_orders' in package 'grubgrid' (tests\data_quality_tests.yml). Arguments to
generic tests should be nested under the `arguments` property.
[0m16:11:07.450735 [debug] [MainThread]: Sending event: {'category': 'dbt', 'action': 'deprecation', 'label': '7237edbe-3d5f-485a-8383-fd972fa9ff82', 'property_': 'warn', 'context': [<snowplow_tracker.self_describing_json.SelfDescribingJson object at 0x00000211351EEA90>]}
[0m16:11:07.991554 [debug] [MainThread]: Sending event: {'category': 'dbt', 'action': 'load_project', 'label': '7237edbe-3d5f-485a-8383-fd972fa9ff82', 'context': [<snowplow_tracker.self_describing_json.SelfDescribingJson object at 0x00000211352DC1D0>]}
[0m16:11:08.539641 [debug] [MainThread]: Wrote artifact WritableManifest to E:\GrubGrid\dbt_project\target\manifest.json
[0m16:11:08.548340 [debug] [MainThread]: Wrote artifact SemanticManifest to E:\GrubGrid\dbt_project\target\semantic_manifest.json
[0m16:11:08.589130 [debug] [MainThread]: Sending event: {'category': 'dbt', 'action': 'resource_counts', 'label': '7237edbe-3d5f-485a-8383-fd972fa9ff82', 'context': [<snowplow_tracker.self_describing_json.SelfDescribingJson object at 0x000002113028A590>]}
[0m16:11:08.591705 [info ] [MainThread]: Found 10 models, 24 data tests, 4 sources, 601 macros
[0m16:11:08.593720 [debug] [MainThread]: Sending event: {'category': 'dbt', 'action': 'runnable_timing', 'label': '7237edbe-3d5f-485a-8383-fd972fa9ff82', 'context': [<snowplow_tracker.self_describing_json.SelfDescribingJson object at 0x00000211308B8650>]}
[0m16:11:08.599773 [info ] [MainThread]: 
[0m16:11:08.599773 [info ] [MainThread]: Concurrency: 4 threads (target='dev')
[0m16:11:08.602808 [info ] [MainThread]: 
[0m16:11:08.605070 [debug] [MainThread]: Acquiring new duckdb connection 'master'
[0m16:11:08.625583 [debug] [ThreadPool]: Acquiring new duckdb connection 'list_grubgrid'
[0m16:11:08.628388 [debug] [ThreadPool]: Acquiring new duckdb connection 'list_grubgrid'
[0m16:11:08.838747 [debug] [ThreadPool]: Using duckdb connection "list_grubgrid"
[0m16:11:08.838747 [debug] [ThreadPool]: Using duckdb connection "list_grubgrid"
[0m16:11:08.840761 [debug] [ThreadPool]: On list_grubgrid: /* {"app": "dbt", "dbt_version": "1.11.11", "profile_name": "grubgrid", "target_name": "dev", "connection_name": "list_grubgrid"} */

    
    select schema_name
    from system.information_schema.schemata
    
    where lower(catalog_name) = '"grubgrid"'
    
  
  
[0m16:11:08.843227 [debug] [ThreadPool]: On list_grubgrid: /* {"app": "dbt", "dbt_version": "1.11.11", "profile_name": "grubgrid", "target_name": "dev", "connection_name": "list_grubgrid"} */

    
    select schema_name
    from system.information_schema.schemata
    
    where lower(catalog_name) = '"grubgrid"'
    
  
  
[0m16:11:08.843227 [debug] [ThreadPool]: Opening a new connection, currently in state init
[0m16:11:08.845950 [debug] [ThreadPool]: Opening a new connection, currently in state init
[0m16:15:44.521684 [debug] [ThreadPool]: DuckDB adapter: duckdb error: IO Error: Unable to connect to Postgres at "host=localhost port=5432 dbname=grubgrid user=grubgrid_user password=grubgrid_pass": connection to server at "localhost" (::1), port 5432 failed: Connection refused (0x0000274D/10061)
	Is the server running on that host and accepting TCP/IP connections?
connection to server at "localhost" (127.0.0.1), port 5432 failed: Connection refused (0x0000274D/10061)
	Is the server running on that host and accepting TCP/IP connections?

[0m16:15:44.523703 [debug] [ThreadPool]: DuckDB adapter: Error running SQL: /* {"app": "dbt", "dbt_version": "1.11.11", "profile_name": "grubgrid", "target_name": "dev", "connection_name": "list_grubgrid"} */

    
    select schema_name
    from system.information_schema.schemata
    
    where lower(catalog_name) = '"grubgrid"'
    
  
  
[0m16:15:44.527262 [debug] [ThreadPool]: DuckDB adapter: Rolling back transaction.
[0m16:15:44.530113 [debug] [ThreadPool]: Opening a new connection, currently in state init
[0m16:15:48.593472 [debug] [ThreadPool]: DuckDB adapter: duckdb error: IO Error: Unable to connect to Postgres at "host=localhost port=5432 dbname=grubgrid user=grubgrid_user password=grubgrid_pass": connection to server at "localhost" (::1), port 5432 failed: Connection refused (0x0000274D/10061)
	Is the server running on that host and accepting TCP/IP connections?
connection to server at "localhost" (127.0.0.1), port 5432 failed: Connection refused (0x0000274D/10061)
	Is the server running on that host and accepting TCP/IP connections?

[0m16:15:48.597738 [debug] [ThreadPool]: DuckDB adapter: Error running SQL: /* {"app": "dbt", "dbt_version": "1.11.11", "profile_name": "grubgrid", "target_name": "dev", "connection_name": "list_grubgrid"} */

    
    select schema_name
    from system.information_schema.schemata
    
    where lower(catalog_name) = '"grubgrid"'
    
  
  
[0m16:15:48.599752 [debug] [ThreadPool]: DuckDB adapter: Rolling back transaction.
[0m16:15:48.601773 [debug] [ThreadPool]: Opening a new connection, currently in state init
[0m16:15:52.691034 [debug] [ThreadPool]: DuckDB adapter: duckdb error: IO Error: Unable to connect to Postgres at "host=localhost port=5432 dbname=grubgrid user=grubgrid_user password=grubgrid_pass": connection to server at "localhost" (::1), port 5432 failed: Connection refused (0x0000274D/10061)
	Is the server running on that host and accepting TCP/IP connections?
connection to server at "localhost" (127.0.0.1), port 5432 failed: Connection refused (0x0000274D/10061)
	Is the server running on that host and accepting TCP/IP connections?

[0m16:15:52.693616 [debug] [ThreadPool]: DuckDB adapter: Error running SQL: macro list_schemas
[0m16:15:52.697393 [debug] [ThreadPool]: DuckDB adapter: Rolling back transaction.
[0m16:15:52.699409 [debug] [ThreadPool]: Opening a new connection, currently in state init
[0m16:15:56.752914 [debug] [ThreadPool]: DuckDB adapter: duckdb error: IO Error: Unable to connect to Postgres at "host=localhost port=5432 dbname=grubgrid user=grubgrid_user password=grubgrid_pass": connection to server at "localhost" (::1), port 5432 failed: Connection refused (0x0000274D/10061)
	Is the server running on that host and accepting TCP/IP connections?
connection to server at "localhost" (127.0.0.1), port 5432 failed: Connection refused (0x0000274D/10061)
	Is the server running on that host and accepting TCP/IP connections?

[0m16:15:56.756922 [debug] [ThreadPool]: DuckDB adapter: Error running SQL: macro list_schemas
[0m16:15:56.758409 [debug] [ThreadPool]: DuckDB adapter: Rolling back transaction.
[0m16:15:56.758409 [debug] [ThreadPool]: Opening a new connection, currently in state init
[0m16:16:04.942235 [debug] [MainThread]: Connection 'master' was properly closed.
[0m16:16:04.942235 [debug] [MainThread]: Connection 'list_grubgrid' was properly closed.
[0m16:16:04.942235 [debug] [MainThread]: Connection 'list_grubgrid' was properly closed.
[0m16:16:04.942235 [info ] [MainThread]: 
[0m16:16:04.942235 [info ] [MainThread]: Finished running  in 0 hours 4 minutes and 56.34 seconds (296.34s).
[0m16:16:04.951661 [error] [MainThread]: Encountered an error:

[0m16:16:05.019056 [error] [MainThread]: Traceback (most recent call last):
  File "C:\Users\nagzz\AppData\Local\Programs\Python\Python311\Lib\site-packages\dbt\cli\requires.py", line 182, in wrapper
    result, success = func(*args, **kwargs)
                      ^^^^^^^^^^^^^^^^^^^^^
  File "C:\Users\nagzz\AppData\Local\Programs\Python\Python311\Lib\site-packages\dbt\cli\requires.py", line 128, in wrapper
    return func(*args, **kwargs)
           ^^^^^^^^^^^^^^^^^^^^^
  File "C:\Users\nagzz\AppData\Local\Programs\Python\Python311\Lib\site-packages\dbt\cli\requires.py", line 276, in wrapper
    return func(*args, **kwargs)
           ^^^^^^^^^^^^^^^^^^^^^
  File "C:\Users\nagzz\AppData\Local\Programs\Python\Python311\Lib\site-packages\dbt\cli\requires.py", line 321, in wrapper
    return func(*args, **kwargs)
           ^^^^^^^^^^^^^^^^^^^^^
  File "C:\Users\nagzz\AppData\Local\Programs\Python\Python311\Lib\site-packages\dbt\cli\requires.py", line 391, in wrapper
    return func(*args, **kwargs)
           ^^^^^^^^^^^^^^^^^^^^^
  File "C:\Users\nagzz\AppData\Local\Programs\Python\Python311\Lib\site-packages\dbt\cli\requires.py", line 368, in wrapper
    return func(*args, **kwargs)
           ^^^^^^^^^^^^^^^^^^^^^
  File "C:\Users\nagzz\AppData\Local\Programs\Python\Python311\Lib\site-packages\dbt\cli\requires.py", line 408, in wrapper
    return func(*args, **kwargs)
           ^^^^^^^^^^^^^^^^^^^^^
  File "C:\Users\nagzz\AppData\Local\Programs\Python\Python311\Lib\site-packages\dbt\cli\main.py", line 593, in run
    results = task.run()
              ^^^^^^^^^^
  File "C:\Users\nagzz\AppData\Local\Programs\Python\Python311\Lib\site-packages\dbt\task\runnable.py", line 626, in run
    result = self.execute_with_hooks(selected_uids)
             ^^^^^^^^^^^^^^^^^^^^^^^^^^^^^^^^^^^^^^
  File "C:\Users\nagzz\AppData\Local\Programs\Python\Python311\Lib\site-packages\dbt\task\runnable.py", line 559, in execute_with_hooks
    before_run_status = self.before_run(adapter, selected_uids)
                        ^^^^^^^^^^^^^^^^^^^^^^^^^^^^^^^^^^^^^^^
  File "C:\Users\nagzz\AppData\Local\Programs\Python\Python311\Lib\site-packages\dbt\task\run.py", line 1114, in before_run
    self.create_schemas(adapter, required_schemas)
  File "C:\Users\nagzz\AppData\Local\Programs\Python\Python311\Lib\site-packages\dbt\task\runnable.py", line 733, in create_schemas
    for ls_future in as_completed(list_futures):
  File "C:\Users\nagzz\AppData\Local\Programs\Python\Python311\Lib\concurrent\futures\_base.py", line 243, in as_completed
    waiter.event.wait(wait_timeout)
  File "C:\Users\nagzz\AppData\Local\Programs\Python\Python311\Lib\threading.py", line 629, in wait
    signaled = self._cond.wait(timeout)
               ^^^^^^^^^^^^^^^^^^^^^^^^
  File "C:\Users\nagzz\AppData\Local\Programs\Python\Python311\Lib\threading.py", line 327, in wait
    waiter.acquire()
KeyboardInterrupt

[0m16:16:05.021953 [warn ] [MainThread]: [[33mWARNING[0m][DeprecationsSummary]: Deprecated functionality
Summary of encountered deprecations:
- MissingArgumentsPropertyInGenericTestDeprecation: 8 occurrences
To see all deprecation instances instead of just the first occurrence of each,
run command again with the `--show-all-deprecations` flag. You may also need to
run with `--no-partial-parse` as some deprecations are only encountered during
parsing.
[0m16:16:05.025589 [debug] [MainThread]: Command `dbt run` failed at 16:16:05.024571 after 304.96 seconds
[0m16:16:05.026587 [debug] [MainThread]: Sending event: {'category': 'dbt', 'action': 'invocation', 'label': 'end', 'context': [<snowplow_tracker.self_describing_json.SelfDescribingJson object at 0x00000211349B0790>, <snowplow_tracker.self_describing_json.SelfDescribingJson object at 0x00000211349B2F90>, <snowplow_tracker.self_describing_json.SelfDescribingJson object at 0x000002113544A710>]}
[0m16:16:05.027589 [debug] [MainThread]: Flushing usage events
[0m16:16:07.509028 [debug] [MainThread]: An error was encountered while trying to flush usage events
[0m16:22:26.293282 [debug] [MainThread]: Sending event: {'category': 'dbt', 'action': 'invocation', 'label': 'start', 'context': [<snowplow_tracker.self_describing_json.SelfDescribingJson object at 0x0000024F46FED850>, <snowplow_tracker.self_describing_json.SelfDescribingJson object at 0x0000024F46FEDBD0>, <snowplow_tracker.self_describing_json.SelfDescribingJson object at 0x0000024F46FEFC90>]}


============================== 16:22:26.309546 | 96a3c678-dca0-487a-b7f5-a5ae98c583bb ==============================
[0m16:22:26.309546 [info ] [MainThread]: Running with dbt=1.11.11
[0m16:22:26.309546 [debug] [MainThread]: running dbt with arguments {'version_check': 'True', 'no_print': 'None', 'static_parser': 'True', 'target_path': 'None', 'warn_error_options': 'WarnErrorOptionsV2(error=[], warn=[], silence=[])', 'printer_width': '80', 'write_json': 'True', 'introspect': 'True', 'log_cache_events': 'False', 'empty': 'False', 'cache_selected_only': 'False', 'log_format': 'default', 'debug': 'False', 'fail_fast': 'False', 'profiles_dir': '.', 'send_anonymous_usage_stats': 'True', 'quiet': 'False', 'warn_error': 'None', 'partial_parse': 'True', 'invocation_command': 'dbt run --profiles-dir .', 'use_colors': 'True', 'indirect_selection': 'eager', 'use_experimental_parser': 'False', 'log_path': 'E:\\GrubGrid\\dbt_project\\logs'}
[0m16:22:26.763456 [debug] [MainThread]: Sending event: {'category': 'dbt', 'action': 'project_id', 'label': '96a3c678-dca0-487a-b7f5-a5ae98c583bb', 'context': [<snowplow_tracker.self_describing_json.SelfDescribingJson object at 0x0000024F4804D590>]}
[0m16:22:26.919509 [debug] [MainThread]: Sending event: {'category': 'dbt', 'action': 'adapter_info', 'label': '96a3c678-dca0-487a-b7f5-a5ae98c583bb', 'context': [<snowplow_tracker.self_describing_json.SelfDescribingJson object at 0x0000024F4678CFD0>]}
[0m16:22:26.919509 [info ] [MainThread]: Registered adapter: postgres=1.10.0
[0m16:22:27.588416 [debug] [MainThread]: checksum: 30a8cc8fdcbf66701b0944d4ccce3fa46dd04b61e5df68b9f16d57b2e0e3f0be, vars: {}, profile: , target: , version: 1.11.11
[0m16:22:27.850617 [info ] [MainThread]: Unable to do partial parsing because profile has changed
[0m16:22:27.858375 [info ] [MainThread]: Unable to do partial parsing because a project dependency has been added
[0m16:22:27.858375 [debug] [MainThread]: Sending event: {'category': 'dbt', 'action': 'partial_parser', 'label': '96a3c678-dca0-487a-b7f5-a5ae98c583bb', 'context': [<snowplow_tracker.self_describing_json.SelfDescribingJson object at 0x0000024F45FE30D0>]}
[0m16:22:31.428727 [warn ] [MainThread]: [[33mWARNING[0m][MissingArgumentsPropertyInGenericTestDeprecation]: Deprecated
functionality
Found top-level arguments to test `dbt_utils.expression_is_true` defined on
'stg_orders' in package 'grubgrid' (tests\data_quality_tests.yml). Arguments to
generic tests should be nested under the `arguments` property.
[0m16:22:31.429756 [debug] [MainThread]: Sending event: {'category': 'dbt', 'action': 'deprecation', 'label': '96a3c678-dca0-487a-b7f5-a5ae98c583bb', 'property_': 'warn', 'context': [<snowplow_tracker.self_describing_json.SelfDescribingJson object at 0x0000024F48997B90>]}
[0m16:22:31.858643 [debug] [MainThread]: Sending event: {'category': 'dbt', 'action': 'load_project', 'label': '96a3c678-dca0-487a-b7f5-a5ae98c583bb', 'context': [<snowplow_tracker.self_describing_json.SelfDescribingJson object at 0x0000024F4864F690>]}
[0m16:22:32.184730 [debug] [MainThread]: Wrote artifact WritableManifest to E:\GrubGrid\dbt_project\target\manifest.json
[0m16:22:32.198941 [debug] [MainThread]: Wrote artifact SemanticManifest to E:\GrubGrid\dbt_project\target\semantic_manifest.json
[0m16:22:32.236559 [debug] [MainThread]: Sending event: {'category': 'dbt', 'action': 'resource_counts', 'label': '96a3c678-dca0-487a-b7f5-a5ae98c583bb', 'context': [<snowplow_tracker.self_describing_json.SelfDescribingJson object at 0x0000024F48A72290>]}
[0m16:22:32.241994 [info ] [MainThread]: Found 10 models, 24 data tests, 4 sources, 591 macros
[0m16:22:32.244504 [debug] [MainThread]: Sending event: {'category': 'dbt', 'action': 'runnable_timing', 'label': '96a3c678-dca0-487a-b7f5-a5ae98c583bb', 'context': [<snowplow_tracker.self_describing_json.SelfDescribingJson object at 0x0000024F488C4350>]}
[0m16:22:32.244504 [info ] [MainThread]: 
[0m16:22:32.244504 [info ] [MainThread]: Concurrency: 4 threads (target='dev')
[0m16:22:32.256328 [info ] [MainThread]: 
[0m16:22:32.260421 [debug] [MainThread]: Acquiring new postgres connection 'master'
[0m16:22:32.276533 [debug] [ThreadPool]: Acquiring new postgres connection 'list_grubgrid'
[0m16:22:32.278549 [debug] [ThreadPool]: Acquiring new postgres connection 'list_grubgrid'
[0m16:22:32.424248 [debug] [ThreadPool]: Using postgres connection "list_grubgrid"
[0m16:22:32.436987 [debug] [ThreadPool]: Using postgres connection "list_grubgrid"
[0m16:22:32.436987 [debug] [ThreadPool]: On list_grubgrid: /* {"app": "dbt", "dbt_version": "1.11.11", "profile_name": "grubgrid", "target_name": "dev", "connection_name": "list_grubgrid"} */

    select distinct nspname from pg_namespace
  
[0m16:22:32.436987 [debug] [ThreadPool]: On list_grubgrid: /* {"app": "dbt", "dbt_version": "1.11.11", "profile_name": "grubgrid", "target_name": "dev", "connection_name": "list_grubgrid"} */

    select distinct nspname from pg_namespace
  
[0m16:22:32.436987 [debug] [ThreadPool]: Opening a new connection, currently in state init
[0m16:22:32.442274 [debug] [ThreadPool]: Opening a new connection, currently in state init
[0m16:22:36.555042 [debug] [ThreadPool]: Postgres adapter: Got a retryable error when attempting to open a postgres connection.
1 attempts remaining. Retrying in 0 seconds.
Error:
connection to server at "localhost" (::1), port 5432 failed: Connection refused (0x0000274D/10061)
	Is the server running on that host and accepting TCP/IP connections?
connection to server at "localhost" (127.0.0.1), port 5432 failed: Connection refused (0x0000274D/10061)
	Is the server running on that host and accepting TCP/IP connections?

[0m16:22:36.555042 [debug] [ThreadPool]: Postgres adapter: Got a retryable error when attempting to open a postgres connection.
1 attempts remaining. Retrying in 0 seconds.
Error:
connection to server at "localhost" (::1), port 5432 failed: Connection refused (0x0000274D/10061)
	Is the server running on that host and accepting TCP/IP connections?
connection to server at "localhost" (127.0.0.1), port 5432 failed: Connection refused (0x0000274D/10061)
	Is the server running on that host and accepting TCP/IP connections?

[0m16:22:40.632498 [debug] [ThreadPool]: Postgres adapter: Error running SQL: /* {"app": "dbt", "dbt_version": "1.11.11", "profile_name": "grubgrid", "target_name": "dev", "connection_name": "list_grubgrid"} */

    select distinct nspname from pg_namespace
  
[0m16:22:40.633008 [debug] [ThreadPool]: Postgres adapter: Error running SQL: /* {"app": "dbt", "dbt_version": "1.11.11", "profile_name": "grubgrid", "target_name": "dev", "connection_name": "list_grubgrid"} */

    select distinct nspname from pg_namespace
  
[0m16:22:40.635041 [debug] [ThreadPool]: Postgres adapter: Rolling back transaction.
[0m16:22:40.636561 [debug] [ThreadPool]: Postgres adapter: Rolling back transaction.
[0m16:22:40.636561 [debug] [ThreadPool]: Postgres adapter: Error running SQL: macro list_schemas
[0m16:22:40.638599 [debug] [ThreadPool]: Postgres adapter: Error running SQL: macro list_schemas
[0m16:22:40.638599 [debug] [ThreadPool]: Postgres adapter: Rolling back transaction.
[0m16:22:40.640612 [debug] [ThreadPool]: Postgres adapter: Rolling back transaction.
[0m16:22:40.640612 [debug] [ThreadPool]: On list_grubgrid: No close available on handle
[0m16:22:40.642631 [debug] [ThreadPool]: On list_grubgrid: No close available on handle
[0m16:22:40.645164 [debug] [MainThread]: Connection 'master' was properly closed.
[0m16:22:40.647518 [debug] [MainThread]: Connection 'list_grubgrid' was properly closed.
[0m16:22:40.647518 [debug] [MainThread]: Connection 'list_grubgrid' was properly closed.
[0m16:22:40.649530 [info ] [MainThread]: 
[0m16:22:40.649530 [info ] [MainThread]: Finished running  in 0 hours 0 minutes and 8.39 seconds (8.39s).
[0m16:22:40.653035 [error] [MainThread]: Encountered an error:
Database Error
  connection to server at "localhost" (::1), port 5432 failed: Connection refused (0x0000274D/10061)
  	Is the server running on that host and accepting TCP/IP connections?
  connection to server at "localhost" (127.0.0.1), port 5432 failed: Connection refused (0x0000274D/10061)
  	Is the server running on that host and accepting TCP/IP connections?
  
[0m16:22:40.655580 [warn ] [MainThread]: [[33mWARNING[0m][DeprecationsSummary]: Deprecated functionality
Summary of encountered deprecations:
- MissingArgumentsPropertyInGenericTestDeprecation: 8 occurrences
To see all deprecation instances instead of just the first occurrence of each,
run command again with the `--show-all-deprecations` flag. You may also need to
run with `--no-partial-parse` as some deprecations are only encountered during
parsing.
[0m16:22:40.658535 [debug] [MainThread]: Command `dbt run` failed at 16:22:40.658535 after 14.61 seconds
[0m16:22:40.660552 [debug] [MainThread]: Sending event: {'category': 'dbt', 'action': 'invocation', 'label': 'end', 'context': [<snowplow_tracker.self_describing_json.SelfDescribingJson object at 0x0000024F47FC9550>, <snowplow_tracker.self_describing_json.SelfDescribingJson object at 0x0000024F46F2EB90>, <snowplow_tracker.self_describing_json.SelfDescribingJson object at 0x0000024F48B09E90>]}
[0m16:22:40.661554 [debug] [MainThread]: Flushing usage events
[0m16:22:43.395613 [debug] [MainThread]: An error was encountered while trying to flush usage events
[0m16:26:09.318176 [debug] [MainThread]: Sending event: {'category': 'dbt', 'action': 'invocation', 'label': 'start', 'context': [<snowplow_tracker.self_describing_json.SelfDescribingJson object at 0x0000022CCB80FA50>, <snowplow_tracker.self_describing_json.SelfDescribingJson object at 0x0000022CCC88C610>, <snowplow_tracker.self_describing_json.SelfDescribingJson object at 0x0000022CCB80CE10>]}


============================== 16:26:09.331031 | 89bfc3ba-ce97-4299-a14e-dddd4f25e74a ==============================
[0m16:26:09.331031 [info ] [MainThread]: Running with dbt=1.11.11
[0m16:26:09.331031 [debug] [MainThread]: running dbt with arguments {'static_parser': 'True', 'no_print': 'None', 'version_check': 'True', 'warn_error_options': 'WarnErrorOptionsV2(error=[], warn=[], silence=[])', 'target_path': 'None', 'printer_width': '80', 'write_json': 'True', 'introspect': 'True', 'log_cache_events': 'False', 'empty': 'False', 'cache_selected_only': 'False', 'fail_fast': 'False', 'debug': 'False', 'log_format': 'default', 'profiles_dir': '.', 'send_anonymous_usage_stats': 'True', 'quiet': 'False', 'warn_error': 'None', 'partial_parse': 'True', 'indirect_selection': 'eager', 'use_colors': 'True', 'invocation_command': 'dbt run --profiles-dir .', 'use_experimental_parser': 'False', 'log_path': 'E:\\GrubGrid\\dbt_project\\logs'}
[0m16:26:09.814493 [debug] [MainThread]: Sending event: {'category': 'dbt', 'action': 'project_id', 'label': '89bfc3ba-ce97-4299-a14e-dddd4f25e74a', 'context': [<snowplow_tracker.self_describing_json.SelfDescribingJson object at 0x0000022CCAF8FF90>]}
[0m16:26:09.968900 [debug] [MainThread]: Sending event: {'category': 'dbt', 'action': 'adapter_info', 'label': '89bfc3ba-ce97-4299-a14e-dddd4f25e74a', 'context': [<snowplow_tracker.self_describing_json.SelfDescribingJson object at 0x0000022CC7F5D610>]}
[0m16:26:09.968900 [info ] [MainThread]: Registered adapter: postgres=1.10.0
[0m16:26:10.663903 [debug] [MainThread]: checksum: 30a8cc8fdcbf66701b0944d4ccce3fa46dd04b61e5df68b9f16d57b2e0e3f0be, vars: {}, profile: , target: , version: 1.11.11
[0m16:26:11.076146 [debug] [MainThread]: Partial parsing enabled: 0 files deleted, 0 files added, 0 files changed.
[0m16:26:11.083245 [debug] [MainThread]: Nothing changed, skipping partial parsing.
[0m16:26:11.083245 [debug] [MainThread]: Partial parsing enabled, no changes found, skipping parsing
[0m16:26:11.187707 [debug] [MainThread]: Sending event: {'category': 'dbt', 'action': 'load_project', 'label': '89bfc3ba-ce97-4299-a14e-dddd4f25e74a', 'context': [<snowplow_tracker.self_describing_json.SelfDescribingJson object at 0x0000022CCCEA8650>]}
[0m16:26:11.513108 [debug] [MainThread]: Wrote artifact WritableManifest to E:\GrubGrid\dbt_project\target\manifest.json
[0m16:26:11.519272 [debug] [MainThread]: Wrote artifact SemanticManifest to E:\GrubGrid\dbt_project\target\semantic_manifest.json
[0m16:26:11.561719 [debug] [MainThread]: Sending event: {'category': 'dbt', 'action': 'resource_counts', 'label': '89bfc3ba-ce97-4299-a14e-dddd4f25e74a', 'context': [<snowplow_tracker.self_describing_json.SelfDescribingJson object at 0x0000022CCCB549D0>]}
[0m16:26:11.564199 [info ] [MainThread]: Found 10 models, 24 data tests, 4 sources, 591 macros
[0m16:26:11.564199 [debug] [MainThread]: Sending event: {'category': 'dbt', 'action': 'runnable_timing', 'label': '89bfc3ba-ce97-4299-a14e-dddd4f25e74a', 'context': [<snowplow_tracker.self_describing_json.SelfDescribingJson object at 0x0000022CCCD35510>]}
[0m16:26:11.570261 [info ] [MainThread]: 
[0m16:26:11.570261 [info ] [MainThread]: Concurrency: 4 threads (target='dev')
[0m16:26:11.576494 [info ] [MainThread]: 
[0m16:26:11.579052 [debug] [MainThread]: Acquiring new postgres connection 'master'
[0m16:26:11.596496 [debug] [ThreadPool]: Acquiring new postgres connection 'list_grubgrid'
[0m16:26:11.599115 [debug] [ThreadPool]: Acquiring new postgres connection 'list_grubgrid'
[0m16:26:11.795928 [debug] [ThreadPool]: Using postgres connection "list_grubgrid"
[0m16:26:11.795928 [debug] [ThreadPool]: Using postgres connection "list_grubgrid"
[0m16:26:11.795928 [debug] [ThreadPool]: On list_grubgrid: /* {"app": "dbt", "dbt_version": "1.11.11", "profile_name": "grubgrid", "target_name": "dev", "connection_name": "list_grubgrid"} */

    select distinct nspname from pg_namespace
  
[0m16:26:11.802008 [debug] [ThreadPool]: On list_grubgrid: /* {"app": "dbt", "dbt_version": "1.11.11", "profile_name": "grubgrid", "target_name": "dev", "connection_name": "list_grubgrid"} */

    select distinct nspname from pg_namespace
  
[0m16:26:11.802008 [debug] [ThreadPool]: Opening a new connection, currently in state init
[0m16:26:11.802008 [debug] [ThreadPool]: Opening a new connection, currently in state init
[0m16:26:11.866438 [debug] [ThreadPool]: SQL status: SELECT 4 in 0.066 seconds
[0m16:26:11.872600 [debug] [ThreadPool]: On list_grubgrid: Close
[0m16:26:11.873295 [debug] [ThreadPool]: SQL status: SELECT 4 in 0.069 seconds
[0m16:26:11.877885 [debug] [ThreadPool]: On list_grubgrid: Close
[0m16:26:11.877885 [debug] [ThreadPool]: Re-using an available connection from the pool (formerly list_grubgrid, now create_grubgrid_dbt_grubgrid_marts)
[0m16:26:11.877885 [debug] [ThreadPool]: Re-using an available connection from the pool (formerly list_grubgrid, now create_grubgrid_dbt_grubgrid_staging)
[0m16:26:11.883981 [debug] [ThreadPool]: Creating schema "database: "grubgrid"
schema: "dbt_grubgrid_marts"
"
[0m16:26:11.883981 [debug] [ThreadPool]: Creating schema "database: "grubgrid"
schema: "dbt_grubgrid_staging"
"
[0m16:26:11.900442 [debug] [ThreadPool]: Using postgres connection "create_grubgrid_dbt_grubgrid_marts"
[0m16:26:11.904758 [debug] [ThreadPool]: Using postgres connection "create_grubgrid_dbt_grubgrid_staging"
[0m16:26:11.908351 [debug] [ThreadPool]: On create_grubgrid_dbt_grubgrid_marts: /* {"app": "dbt", "dbt_version": "1.11.11", "profile_name": "grubgrid", "target_name": "dev", "connection_name": "create_grubgrid_dbt_grubgrid_marts"} */
create schema if not exists "dbt_grubgrid_marts"
[0m16:26:11.908351 [debug] [ThreadPool]: On create_grubgrid_dbt_grubgrid_staging: /* {"app": "dbt", "dbt_version": "1.11.11", "profile_name": "grubgrid", "target_name": "dev", "connection_name": "create_grubgrid_dbt_grubgrid_staging"} */
create schema if not exists "dbt_grubgrid_staging"
[0m16:26:11.908351 [debug] [ThreadPool]: Opening a new connection, currently in state closed
[0m16:26:11.908351 [debug] [ThreadPool]: Opening a new connection, currently in state closed
[0m16:26:11.967667 [debug] [ThreadPool]: SQL status: CREATE SCHEMA in 0.057 seconds
[0m16:26:11.967667 [debug] [ThreadPool]: SQL status: CREATE SCHEMA in 0.056 seconds
[0m16:26:11.967667 [debug] [ThreadPool]: On create_grubgrid_dbt_grubgrid_marts: COMMIT
[0m16:26:11.967667 [debug] [ThreadPool]: On create_grubgrid_dbt_grubgrid_staging: COMMIT
[0m16:26:11.967667 [debug] [ThreadPool]: Using postgres connection "create_grubgrid_dbt_grubgrid_marts"
[0m16:26:11.967667 [debug] [ThreadPool]: Using postgres connection "create_grubgrid_dbt_grubgrid_staging"
[0m16:26:11.967667 [debug] [ThreadPool]: On create_grubgrid_dbt_grubgrid_marts: COMMIT
[0m16:26:11.967667 [debug] [ThreadPool]: On create_grubgrid_dbt_grubgrid_staging: COMMIT
[0m16:26:11.984352 [debug] [ThreadPool]: SQL status: COMMIT in 0.005 seconds
[0m16:26:11.984352 [debug] [ThreadPool]: On create_grubgrid_dbt_grubgrid_marts: Close
[0m16:26:11.984352 [debug] [ThreadPool]: SQL status: COMMIT in 0.006 seconds
[0m16:26:11.990453 [debug] [ThreadPool]: On create_grubgrid_dbt_grubgrid_staging: Close
[0m16:26:11.993503 [debug] [ThreadPool]: Acquiring new postgres connection 'list_grubgrid_dbt_grubgrid_marts'
[0m16:26:12.000258 [debug] [ThreadPool]: Acquiring new postgres connection 'list_grubgrid_dbt_grubgrid_staging'
[0m16:26:12.007456 [debug] [ThreadPool]: Using postgres connection "list_grubgrid_dbt_grubgrid_marts"
[0m16:26:12.019120 [debug] [ThreadPool]: Using postgres connection "list_grubgrid_dbt_grubgrid_staging"
[0m16:26:12.021125 [debug] [ThreadPool]: On list_grubgrid_dbt_grubgrid_marts: /* {"app": "dbt", "dbt_version": "1.11.11", "profile_name": "grubgrid", "target_name": "dev", "connection_name": "list_grubgrid_dbt_grubgrid_marts"} */
select
      'grubgrid' as database,
      tablename as name,
      schemaname as schema,
      'table' as type
    from pg_tables
    where schemaname ilike 'dbt_grubgrid_marts'
    union all
    select
      'grubgrid' as database,
      viewname as name,
      schemaname as schema,
      'view' as type
    from pg_views
    where schemaname ilike 'dbt_grubgrid_marts'
    union all
    select
      'grubgrid' as database,
      matviewname as name,
      schemaname as schema,
      'materialized_view' as type
    from pg_matviews
    where schemaname ilike 'dbt_grubgrid_marts'
  
[0m16:26:12.022120 [debug] [ThreadPool]: On list_grubgrid_dbt_grubgrid_staging: /* {"app": "dbt", "dbt_version": "1.11.11", "profile_name": "grubgrid", "target_name": "dev", "connection_name": "list_grubgrid_dbt_grubgrid_staging"} */
select
      'grubgrid' as database,
      tablename as name,
      schemaname as schema,
      'table' as type
    from pg_tables
    where schemaname ilike 'dbt_grubgrid_staging'
    union all
    select
      'grubgrid' as database,
      viewname as name,
      schemaname as schema,
      'view' as type
    from pg_views
    where schemaname ilike 'dbt_grubgrid_staging'
    union all
    select
      'grubgrid' as database,
      matviewname as name,
      schemaname as schema,
      'materialized_view' as type
    from pg_matviews
    where schemaname ilike 'dbt_grubgrid_staging'
  
[0m16:26:12.023668 [debug] [ThreadPool]: Opening a new connection, currently in state init
[0m16:26:12.025198 [debug] [ThreadPool]: Opening a new connection, currently in state init
[0m16:26:12.072163 [debug] [ThreadPool]: SQL status: SELECT 0 in 0.049 seconds
[0m16:26:12.077433 [debug] [ThreadPool]: On list_grubgrid_dbt_grubgrid_staging: ROLLBACK
[0m16:26:12.077433 [debug] [ThreadPool]: SQL status: SELECT 0 in 0.057 seconds
[0m16:26:12.083129 [debug] [ThreadPool]: On list_grubgrid_dbt_grubgrid_marts: ROLLBACK
[0m16:26:12.083129 [debug] [ThreadPool]: On list_grubgrid_dbt_grubgrid_staging: Close
[0m16:26:12.089713 [debug] [ThreadPool]: On list_grubgrid_dbt_grubgrid_marts: Close
[0m16:26:12.108619 [debug] [MainThread]: Using postgres connection "master"
[0m16:26:12.111568 [debug] [MainThread]: On master: /* {"app": "dbt", "dbt_version": "1.11.11", "profile_name": "grubgrid", "target_name": "dev", "connection_name": "master"} */
select distinct
        dependent_namespace.nspname as dependent_schema,
        dependent_class.relname as dependent_name,
        referenced_namespace.nspname as referenced_schema,
        referenced_class.relname as referenced_name

    -- Query for views: views are entries in pg_class with an entry in pg_rewrite, but we avoid
    -- a seq scan on pg_rewrite by leveraging the fact there is an "internal" row in pg_depend for
    -- the view...
    from pg_class as dependent_class
    join pg_namespace as dependent_namespace on dependent_namespace.oid = dependent_class.relnamespace
    join pg_depend as dependent_depend on dependent_depend.refobjid = dependent_class.oid
        and dependent_depend.classid = 'pg_rewrite'::regclass
        and dependent_depend.refclassid = 'pg_class'::regclass
        and dependent_depend.deptype = 'i'

    -- ... and via pg_depend (that has a row per column, hence the need for "distinct" above, and
    -- making sure to exclude the internal row to avoid a view appearing to depend on itself)...
    join pg_depend as joining_depend on joining_depend.objid = dependent_depend.objid
        and joining_depend.classid = 'pg_rewrite'::regclass
        and joining_depend.refclassid = 'pg_class'::regclass
        and joining_depend.refobjid != dependent_depend.refobjid

    -- ... we can find the tables they query from in pg_class, but excluding system tables. Note we
    -- don't need need to exclude _dependent_ system tables, because they only query from other
    -- system tables, and so are automatically excluded by excluding _referenced_ system tables
    join pg_class as referenced_class on referenced_class.oid = joining_depend.refobjid
    join pg_namespace as referenced_namespace on referenced_namespace.oid = referenced_class.relnamespace
        and referenced_namespace.nspname != 'information_schema'
        and referenced_namespace.nspname not like 'pg\_%'

    order by
        dependent_schema, dependent_name, referenced_schema, referenced_name;
[0m16:26:12.113858 [debug] [MainThread]: Opening a new connection, currently in state init
[0m16:26:12.158150 [debug] [MainThread]: SQL status: SELECT 0 in 0.049 seconds
[0m16:26:12.165831 [debug] [MainThread]: Sending event: {'category': 'dbt', 'action': 'runnable_timing', 'label': '89bfc3ba-ce97-4299-a14e-dddd4f25e74a', 'context': [<snowplow_tracker.self_describing_json.SelfDescribingJson object at 0x0000022CCCD3CA50>]}
[0m16:26:12.166863 [debug] [MainThread]: On master: ROLLBACK
[0m16:26:12.170448 [debug] [MainThread]: On master: COMMIT
[0m16:26:12.172513 [debug] [MainThread]: Using postgres connection "master"
[0m16:26:12.174630 [debug] [MainThread]: On master: COMMIT
[0m16:26:12.179333 [debug] [MainThread]: SQL status: COMMIT in 0.003 seconds
[0m16:26:12.181396 [debug] [MainThread]: On master: Close
[0m16:26:12.199471 [debug] [Thread-1 (]: Began running node model.grubgrid.dim_dates
[0m16:26:12.199471 [debug] [Thread-2 (]: Began running node model.grubgrid.stg_competitor_prices
[0m16:26:12.201510 [debug] [Thread-3 (]: Began running node model.grubgrid.stg_menu_items
[0m16:26:12.203540 [debug] [Thread-4 (]: Began running node model.grubgrid.stg_orders
[0m16:26:12.205665 [info ] [Thread-1 (]: 1 of 10 START sql table model dbt_grubgrid_marts.dim_dates ..................... [RUN]
[0m16:26:12.207693 [info ] [Thread-2 (]: 2 of 10 START sql view model dbt_grubgrid_staging.stg_competitor_prices ........ [RUN]
[0m16:26:12.211152 [info ] [Thread-3 (]: 3 of 10 START sql view model dbt_grubgrid_staging.stg_menu_items ............... [RUN]
[0m16:26:12.213185 [info ] [Thread-4 (]: 4 of 10 START sql view model dbt_grubgrid_staging.stg_orders ................... [RUN]
[0m16:26:12.217012 [debug] [Thread-1 (]: Acquiring new postgres connection 'model.grubgrid.dim_dates'
[0m16:26:12.219411 [debug] [Thread-2 (]: Acquiring new postgres connection 'model.grubgrid.stg_competitor_prices'
[0m16:26:12.222588 [debug] [Thread-3 (]: Acquiring new postgres connection 'model.grubgrid.stg_menu_items'
[0m16:26:12.224608 [debug] [Thread-4 (]: Acquiring new postgres connection 'model.grubgrid.stg_orders'
[0m16:26:12.227311 [debug] [Thread-1 (]: Began compiling node model.grubgrid.dim_dates
[0m16:26:12.230325 [debug] [Thread-2 (]: Began compiling node model.grubgrid.stg_competitor_prices
[0m16:26:12.232322 [debug] [Thread-3 (]: Began compiling node model.grubgrid.stg_menu_items
[0m16:26:12.235573 [debug] [Thread-4 (]: Began compiling node model.grubgrid.stg_orders
[0m16:26:12.303884 [debug] [Thread-2 (]: Writing injected SQL for node "model.grubgrid.stg_competitor_prices"
[0m16:26:12.315012 [debug] [Thread-1 (]: Using postgres connection "model.grubgrid.dim_dates"
[0m16:26:12.324718 [debug] [Thread-3 (]: Writing injected SQL for node "model.grubgrid.stg_menu_items"
[0m16:26:12.333111 [debug] [Thread-4 (]: Writing injected SQL for node "model.grubgrid.stg_orders"
[0m16:26:12.333662 [debug] [Thread-1 (]: On model.grubgrid.dim_dates: /* {"app": "dbt", "dbt_version": "1.11.11", "profile_name": "grubgrid", "target_name": "dev", "node_id": "model.grubgrid.dim_dates"} */


        select 
        ((cast('2026-12-31' as date))::date - (cast('2024-01-01' as date))::date)
    
[0m16:26:12.333662 [debug] [Thread-2 (]: Began executing node model.grubgrid.stg_competitor_prices
[0m16:26:12.338223 [debug] [Thread-3 (]: Began executing node model.grubgrid.stg_menu_items
[0m16:26:12.342251 [debug] [Thread-1 (]: Opening a new connection, currently in state init
[0m16:26:12.342251 [debug] [Thread-4 (]: Began executing node model.grubgrid.stg_orders
[0m16:26:12.436460 [debug] [Thread-2 (]: Writing runtime sql for node "model.grubgrid.stg_competitor_prices"
[0m16:26:12.436460 [debug] [Thread-3 (]: Writing runtime sql for node "model.grubgrid.stg_menu_items"
[0m16:26:12.448453 [debug] [Thread-4 (]: Writing runtime sql for node "model.grubgrid.stg_orders"
[0m16:26:12.455122 [debug] [Thread-2 (]: Using postgres connection "model.grubgrid.stg_competitor_prices"
[0m16:26:12.455122 [debug] [Thread-3 (]: Using postgres connection "model.grubgrid.stg_menu_items"
[0m16:26:12.458218 [debug] [Thread-2 (]: On model.grubgrid.stg_competitor_prices: /* {"app": "dbt", "dbt_version": "1.11.11", "profile_name": "grubgrid", "target_name": "dev", "node_id": "model.grubgrid.stg_competitor_prices"} */

  create view "grubgrid"."dbt_grubgrid_staging"."stg_competitor_prices__dbt_tmp"
    
    
  as (
    -- stg_competitor_prices.sql
-- Cleans competitor price scrape data

with source as (
    select * from "grubgrid"."public"."competitor_prices"
),

cleaned as (
    select
        id                                          as price_record_id,
        scraped_at::timestamp                       as scraped_at,
        scraped_at::date                            as scrape_date,
        trim(competitor_name)                       as competitor_name,
        trim(restaurant_name)                       as restaurant_name,
        trim(item_name)                             as item_name,
        competitor_price::numeric(10,2)             as competitor_price,
        our_price::numeric(10,2)                    as our_price,
        price_gap::numeric(10,2)                    as price_gap,
        is_undercut,

        -- derived
        abs(price_gap)                              as abs_price_gap,
        round(
            (abs(price_gap) / nullif(our_price, 0)) * 100, 2
        )                                           as price_gap_pct,

        case
            when abs(price_gap) >= 30 then 'critical'
            when abs(price_gap) >= 15 then 'high'
            when abs(price_gap) >= 10 then 'medium'
            else 'low'
        end                                         as alert_severity

    from source
    where our_price > 0
      and competitor_price > 0
)

select * from cleaned
  );
[0m16:26:12.460264 [debug] [Thread-4 (]: Using postgres connection "model.grubgrid.stg_orders"
[0m16:26:12.460264 [debug] [Thread-3 (]: On model.grubgrid.stg_menu_items: /* {"app": "dbt", "dbt_version": "1.11.11", "profile_name": "grubgrid", "target_name": "dev", "node_id": "model.grubgrid.stg_menu_items"} */

  create view "grubgrid"."dbt_grubgrid_staging"."stg_menu_items__dbt_tmp"
    
    
  as (
    -- stg_menu_items.sql
-- Cleans menu item master data
-- Falls back to deriving items from raw_orders if menu_items table is empty

with from_table as (
    select
        item_id,
        restaurant_id,
        trim(item_name)         as item_name,
        trim(category)          as category,
        price::numeric(10,2)    as price,
        is_available,
        created_at::timestamp   as created_at
    from "grubgrid"."public"."menu_items"
),

from_orders as (
    select distinct
        item_id,
        restaurant_id,
        item_name,
        null::varchar           as category,
        unit_price              as price,
        true                    as is_available,
        min(placed_at)          as created_at
    from "grubgrid"."public"."raw_orders"
    group by item_id, restaurant_id, item_name, unit_price
),

combined as (
    select * from from_table
    union all
    select * from from_orders
    where item_id not in (select item_id from from_table)
)

select * from combined
  );
[0m16:26:12.464380 [debug] [Thread-2 (]: Opening a new connection, currently in state init
[0m16:26:12.464380 [debug] [Thread-4 (]: On model.grubgrid.stg_orders: /* {"app": "dbt", "dbt_version": "1.11.11", "profile_name": "grubgrid", "target_name": "dev", "node_id": "model.grubgrid.stg_orders"} */

  create view "grubgrid"."dbt_grubgrid_staging"."stg_orders__dbt_tmp"
    
    
  as (
    -- stg_orders.sql
-- Cleans and standardises raw orders from PostgreSQL

with source as (
    select * from "grubgrid"."public"."raw_orders"
),

cleaned as (
    select
        order_id,
        restaurant_id,
        trim(restaurant_name)                       as restaurant_name,
        item_id,
        trim(item_name)                             as item_name,
        quantity::integer                           as quantity,
        unit_price::numeric(10,2)                   as unit_price,
        total_price::numeric(10,2)                  as total_price,
        customer_id,
        trim(location)                              as location,
        lower(trim(status))                         as status,
        placed_at::timestamp                        as placed_at,
        delivered_at::timestamp                     as delivered_at,

        -- derived columns
        date_trunc('hour', placed_at)               as placed_hour,
        placed_at::date                             as order_date,
        extract(hour from placed_at)::integer       as order_hour,
        extract(dow  from placed_at)::integer       as day_of_week,  -- 0=Sun, 6=Sat

        case
            when status = 'delivered' and delivered_at is not null
            then extract(epoch from (delivered_at - placed_at)) / 60
        end                                         as delivery_minutes

    from source
    where order_id is not null
      and total_price > 0
)

select * from cleaned
  );
[0m16:26:12.464380 [debug] [Thread-3 (]: Opening a new connection, currently in state init
[0m16:26:12.464380 [debug] [Thread-4 (]: Opening a new connection, currently in state init
[0m16:26:12.480182 [debug] [Thread-1 (]: SQL status: SELECT 1 in 0.140 seconds
[0m16:26:12.513822 [debug] [Thread-1 (]: Writing injected SQL for node "model.grubgrid.dim_dates"
[0m16:26:12.513822 [debug] [Thread-1 (]: Began executing node model.grubgrid.dim_dates
[0m16:26:12.548130 [debug] [Thread-2 (]: SQL status: CREATE VIEW in 0.084 seconds
[0m16:26:12.548130 [debug] [Thread-3 (]: SQL status: CREATE VIEW in 0.081 seconds
[0m16:26:12.548130 [debug] [Thread-4 (]: SQL status: CREATE VIEW in 0.079 seconds
[0m16:26:12.568657 [debug] [Thread-1 (]: Writing runtime sql for node "model.grubgrid.dim_dates"
[0m16:26:12.579828 [debug] [Thread-2 (]: Using postgres connection "model.grubgrid.stg_competitor_prices"
[0m16:26:12.595613 [debug] [Thread-3 (]: Using postgres connection "model.grubgrid.stg_menu_items"
[0m16:26:12.597893 [debug] [Thread-4 (]: Using postgres connection "model.grubgrid.stg_orders"
[0m16:26:12.597893 [debug] [Thread-2 (]: On model.grubgrid.stg_competitor_prices: /* {"app": "dbt", "dbt_version": "1.11.11", "profile_name": "grubgrid", "target_name": "dev", "node_id": "model.grubgrid.stg_competitor_prices"} */
alter table "grubgrid"."dbt_grubgrid_staging"."stg_competitor_prices__dbt_tmp" rename to "stg_competitor_prices"
[0m16:26:12.597893 [debug] [Thread-3 (]: On model.grubgrid.stg_menu_items: /* {"app": "dbt", "dbt_version": "1.11.11", "profile_name": "grubgrid", "target_name": "dev", "node_id": "model.grubgrid.stg_menu_items"} */
alter table "grubgrid"."dbt_grubgrid_staging"."stg_menu_items__dbt_tmp" rename to "stg_menu_items"
[0m16:26:12.597893 [debug] [Thread-1 (]: Using postgres connection "model.grubgrid.dim_dates"
[0m16:26:12.597893 [debug] [Thread-4 (]: On model.grubgrid.stg_orders: /* {"app": "dbt", "dbt_version": "1.11.11", "profile_name": "grubgrid", "target_name": "dev", "node_id": "model.grubgrid.stg_orders"} */
alter table "grubgrid"."dbt_grubgrid_staging"."stg_orders__dbt_tmp" rename to "stg_orders"
[0m16:26:12.611949 [debug] [Thread-1 (]: On model.grubgrid.dim_dates: /* {"app": "dbt", "dbt_version": "1.11.11", "profile_name": "grubgrid", "target_name": "dev", "node_id": "model.grubgrid.dim_dates"} */

  
    

  create  table "grubgrid"."dbt_grubgrid_marts"."dim_dates__dbt_tmp"
  
  
    as
  
  (
    -- dim_dates.sql
-- Date dimension generated from order date range

with date_spine as (
    





with rawdata as (

    

    

    with p as (
        select 0 as generated_number union all select 1
    ), unioned as (

    select

    
    p0.generated_number * power(2, 0)
     + 
    
    p1.generated_number * power(2, 1)
     + 
    
    p2.generated_number * power(2, 2)
     + 
    
    p3.generated_number * power(2, 3)
     + 
    
    p4.generated_number * power(2, 4)
     + 
    
    p5.generated_number * power(2, 5)
     + 
    
    p6.generated_number * power(2, 6)
     + 
    
    p7.generated_number * power(2, 7)
     + 
    
    p8.generated_number * power(2, 8)
     + 
    
    p9.generated_number * power(2, 9)
     + 
    
    p10.generated_number * power(2, 10)
    
    
    + 1
    as generated_number

    from

    
    p as p0
     cross join 
    
    p as p1
     cross join 
    
    p as p2
     cross join 
    
    p as p3
     cross join 
    
    p as p4
     cross join 
    
    p as p5
     cross join 
    
    p as p6
     cross join 
    
    p as p7
     cross join 
    
    p as p8
     cross join 
    
    p as p9
     cross join 
    
    p as p10
    
    

    )

    select *
    from unioned
    where generated_number <= 1095
    order by generated_number



),

all_periods as (

    select (
        

    cast('2024-01-01' as date) + ((interval '1 day') * (row_number() over (order by 1) - 1))


    ) as date_day
    from rawdata

),

filtered as (

    select *
    from all_periods
    where date_day <= cast('2026-12-31' as date)

)

select * from filtered


),

final as (
    select
        cast(date_day as date)                              as date_id,
        extract(year  from date_day)::integer               as year,
        extract(month from date_day)::integer               as month,
        extract(day   from date_day)::integer               as day,
        extract(dow   from date_day)::integer               as day_of_week,   -- 0=Sun
        extract(week  from date_day)::integer               as week_of_year,
        extract(quarter from date_day)::integer             as quarter,

        to_char(date_day, 'Month')                          as month_name,
        to_char(date_day, 'Day')                            as day_name,

        case extract(dow from date_day)::integer
            when 0 then true
            when 6 then true
            else false
        end                                                 as is_weekend,

        case extract(month from date_day)::integer
            when 1  then 'Q1' when 2  then 'Q1' when 3  then 'Q1'
            when 4  then 'Q2' when 5  then 'Q2' when 6  then 'Q2'
            when 7  then 'Q3' when 8  then 'Q3' when 9  then 'Q3'
            when 10 then 'Q4' when 11 then 'Q4' when 12 then 'Q4'
        end                                                 as fiscal_quarter

    from date_spine
)

select * from final
  );
  
[0m16:26:12.615236 [debug] [Thread-2 (]: SQL status: ALTER TABLE in 0.004 seconds
[0m16:26:12.615236 [debug] [Thread-3 (]: SQL status: ALTER TABLE in 0.005 seconds
[0m16:26:12.628095 [debug] [Thread-4 (]: SQL status: ALTER TABLE in 0.011 seconds
[0m16:26:12.653358 [debug] [Thread-2 (]: On model.grubgrid.stg_competitor_prices: COMMIT
[0m16:26:12.653922 [debug] [Thread-3 (]: On model.grubgrid.stg_menu_items: COMMIT
[0m16:26:12.653922 [debug] [Thread-1 (]: SQL status: SELECT 1095 in 0.040 seconds
[0m16:26:12.661061 [debug] [Thread-4 (]: On model.grubgrid.stg_orders: COMMIT
[0m16:26:12.663643 [debug] [Thread-2 (]: Using postgres connection "model.grubgrid.stg_competitor_prices"
[0m16:26:12.663643 [debug] [Thread-3 (]: Using postgres connection "model.grubgrid.stg_menu_items"
[0m16:26:12.677459 [debug] [Thread-1 (]: Using postgres connection "model.grubgrid.dim_dates"
[0m16:26:12.677459 [debug] [Thread-4 (]: Using postgres connection "model.grubgrid.stg_orders"
[0m16:26:12.677459 [debug] [Thread-2 (]: On model.grubgrid.stg_competitor_prices: COMMIT
[0m16:26:12.677459 [debug] [Thread-3 (]: On model.grubgrid.stg_menu_items: COMMIT
[0m16:26:12.677459 [debug] [Thread-1 (]: On model.grubgrid.dim_dates: /* {"app": "dbt", "dbt_version": "1.11.11", "profile_name": "grubgrid", "target_name": "dev", "node_id": "model.grubgrid.dim_dates"} */
alter table "grubgrid"."dbt_grubgrid_marts"."dim_dates__dbt_tmp" rename to "dim_dates"
[0m16:26:12.687539 [debug] [Thread-4 (]: On model.grubgrid.stg_orders: COMMIT
[0m16:26:12.691651 [debug] [Thread-1 (]: SQL status: ALTER TABLE in 0.002 seconds
[0m16:26:12.696545 [debug] [Thread-1 (]: On model.grubgrid.dim_dates: COMMIT
[0m16:26:12.696545 [debug] [Thread-2 (]: SQL status: COMMIT in 0.008 seconds
[0m16:26:12.696545 [debug] [Thread-1 (]: Using postgres connection "model.grubgrid.dim_dates"
[0m16:26:12.700125 [debug] [Thread-4 (]: SQL status: COMMIT in 0.009 seconds
[0m16:26:12.700125 [debug] [Thread-3 (]: SQL status: COMMIT in 0.011 seconds
[0m16:26:12.714196 [debug] [Thread-2 (]: Applying DROP to: "grubgrid"."dbt_grubgrid_staging"."stg_competitor_prices__dbt_backup"
[0m16:26:12.714196 [debug] [Thread-1 (]: On model.grubgrid.dim_dates: COMMIT
[0m16:26:12.724370 [debug] [Thread-4 (]: Applying DROP to: "grubgrid"."dbt_grubgrid_staging"."stg_orders__dbt_backup"
[0m16:26:12.731116 [debug] [Thread-3 (]: Applying DROP to: "grubgrid"."dbt_grubgrid_staging"."stg_menu_items__dbt_backup"
[0m16:26:12.739554 [debug] [Thread-2 (]: Using postgres connection "model.grubgrid.stg_competitor_prices"
[0m16:26:12.746618 [debug] [Thread-4 (]: Using postgres connection "model.grubgrid.stg_orders"
[0m16:26:12.746618 [debug] [Thread-3 (]: Using postgres connection "model.grubgrid.stg_menu_items"
[0m16:26:12.746618 [debug] [Thread-1 (]: SQL status: COMMIT in 0.005 seconds
[0m16:26:12.746618 [debug] [Thread-2 (]: On model.grubgrid.stg_competitor_prices: /* {"app": "dbt", "dbt_version": "1.11.11", "profile_name": "grubgrid", "target_name": "dev", "node_id": "model.grubgrid.stg_competitor_prices"} */
drop view if exists "grubgrid"."dbt_grubgrid_staging"."stg_competitor_prices__dbt_backup" cascade
[0m16:26:12.754211 [debug] [Thread-4 (]: On model.grubgrid.stg_orders: /* {"app": "dbt", "dbt_version": "1.11.11", "profile_name": "grubgrid", "target_name": "dev", "node_id": "model.grubgrid.stg_orders"} */
drop view if exists "grubgrid"."dbt_grubgrid_staging"."stg_orders__dbt_backup" cascade
[0m16:26:12.755494 [debug] [Thread-3 (]: On model.grubgrid.stg_menu_items: /* {"app": "dbt", "dbt_version": "1.11.11", "profile_name": "grubgrid", "target_name": "dev", "node_id": "model.grubgrid.stg_menu_items"} */
drop view if exists "grubgrid"."dbt_grubgrid_staging"."stg_menu_items__dbt_backup" cascade
[0m16:26:12.755494 [debug] [Thread-1 (]: Applying DROP to: "grubgrid"."dbt_grubgrid_marts"."dim_dates__dbt_backup"
[0m16:26:12.765596 [debug] [Thread-2 (]: SQL status: DROP VIEW in 0.002 seconds
[0m16:26:12.767663 [debug] [Thread-4 (]: SQL status: DROP VIEW in 0.003 seconds
[0m16:26:12.767663 [debug] [Thread-3 (]: SQL status: DROP VIEW in 0.003 seconds
[0m16:26:12.770734 [debug] [Thread-1 (]: Using postgres connection "model.grubgrid.dim_dates"
[0m16:26:12.770734 [debug] [Thread-2 (]: On model.grubgrid.stg_competitor_prices: Close
[0m16:26:12.781544 [debug] [Thread-4 (]: On model.grubgrid.stg_orders: Close
[0m16:26:12.786736 [debug] [Thread-3 (]: On model.grubgrid.stg_menu_items: Close
[0m16:26:12.788732 [debug] [Thread-1 (]: On model.grubgrid.dim_dates: /* {"app": "dbt", "dbt_version": "1.11.11", "profile_name": "grubgrid", "target_name": "dev", "node_id": "model.grubgrid.dim_dates"} */
drop table if exists "grubgrid"."dbt_grubgrid_marts"."dim_dates__dbt_backup" cascade
[0m16:26:12.794305 [debug] [Thread-2 (]: Sending event: {'category': 'dbt', 'action': 'run_model', 'label': '89bfc3ba-ce97-4299-a14e-dddd4f25e74a', 'context': [<snowplow_tracker.self_describing_json.SelfDescribingJson object at 0x0000022CCD4C0FD0>]}
[0m16:26:12.798411 [debug] [Thread-4 (]: Sending event: {'category': 'dbt', 'action': 'run_model', 'label': '89bfc3ba-ce97-4299-a14e-dddd4f25e74a', 'context': [<snowplow_tracker.self_describing_json.SelfDescribingJson object at 0x0000022CCD428D50>]}
[0m16:26:12.798411 [debug] [Thread-3 (]: Sending event: {'category': 'dbt', 'action': 'run_model', 'label': '89bfc3ba-ce97-4299-a14e-dddd4f25e74a', 'context': [<snowplow_tracker.self_describing_json.SelfDescribingJson object at 0x0000022CCD429C50>]}
[0m16:26:12.798411 [debug] [Thread-1 (]: SQL status: DROP TABLE in 0.003 seconds
[0m16:26:12.802804 [info ] [Thread-2 (]: 2 of 10 OK created sql view model dbt_grubgrid_staging.stg_competitor_prices ... [[32mCREATE VIEW[0m in 0.57s]
[0m16:26:12.802804 [info ] [Thread-4 (]: 4 of 10 OK created sql view model dbt_grubgrid_staging.stg_orders .............. [[32mCREATE VIEW[0m in 0.57s]
[0m16:26:12.807299 [info ] [Thread-3 (]: 3 of 10 OK created sql view model dbt_grubgrid_staging.stg_menu_items .......... [[32mCREATE VIEW[0m in 0.57s]
[0m16:26:12.808706 [debug] [Thread-1 (]: On model.grubgrid.dim_dates: Close
[0m16:26:12.808706 [debug] [Thread-2 (]: Finished running node model.grubgrid.stg_competitor_prices
[0m16:26:12.815376 [debug] [Thread-4 (]: Finished running node model.grubgrid.stg_orders
[0m16:26:12.815376 [debug] [Thread-3 (]: Finished running node model.grubgrid.stg_menu_items
[0m16:26:12.818503 [debug] [Thread-1 (]: Sending event: {'category': 'dbt', 'action': 'run_model', 'label': '89bfc3ba-ce97-4299-a14e-dddd4f25e74a', 'context': [<snowplow_tracker.self_describing_json.SelfDescribingJson object at 0x0000022CCD473E90>]}
[0m16:26:12.820569 [debug] [Thread-2 (]: Began running node model.grubgrid.stg_restaurants
[0m16:26:12.824251 [debug] [Thread-4 (]: Began running node model.grubgrid.dim_locations
[0m16:26:12.825523 [debug] [Thread-3 (]: Began running node model.grubgrid.dim_menu_items
[0m16:26:12.827639 [info ] [Thread-1 (]: 1 of 10 OK created sql table model dbt_grubgrid_marts.dim_dates ................ [[32mSELECT 1095[0m in 0.60s]
[0m16:26:12.830815 [info ] [Thread-2 (]: 5 of 10 START sql view model dbt_grubgrid_staging.stg_restaurants .............. [RUN]
[0m16:26:12.832558 [info ] [Thread-4 (]: 6 of 10 START sql table model dbt_grubgrid_marts.dim_locations ................. [RUN]
[0m16:26:12.834809 [info ] [Thread-3 (]: 7 of 10 START sql table model dbt_grubgrid_marts.dim_menu_items ................ [RUN]
[0m16:26:12.837624 [debug] [Thread-1 (]: Finished running node model.grubgrid.dim_dates
[0m16:26:12.840902 [debug] [Thread-2 (]: Re-using an available connection from the pool (formerly model.grubgrid.stg_competitor_prices, now model.grubgrid.stg_restaurants)
[0m16:26:12.841905 [debug] [Thread-4 (]: Re-using an available connection from the pool (formerly model.grubgrid.stg_orders, now model.grubgrid.dim_locations)
[0m16:26:12.843281 [debug] [Thread-3 (]: Re-using an available connection from the pool (formerly model.grubgrid.stg_menu_items, now model.grubgrid.dim_menu_items)
[0m16:26:12.843281 [debug] [Thread-2 (]: Began compiling node model.grubgrid.stg_restaurants
[0m16:26:12.847959 [debug] [Thread-4 (]: Began compiling node model.grubgrid.dim_locations
[0m16:26:12.848994 [debug] [Thread-3 (]: Began compiling node model.grubgrid.dim_menu_items
[0m16:26:12.853628 [debug] [Thread-2 (]: Writing injected SQL for node "model.grubgrid.stg_restaurants"
[0m16:26:12.889164 [debug] [Thread-4 (]: Writing injected SQL for node "model.grubgrid.dim_locations"
[0m16:26:12.899373 [debug] [Thread-3 (]: Writing injected SQL for node "model.grubgrid.dim_menu_items"
[0m16:26:12.899373 [debug] [Thread-2 (]: Began executing node model.grubgrid.stg_restaurants
[0m16:26:12.904336 [debug] [Thread-4 (]: Began executing node model.grubgrid.dim_locations
[0m16:26:12.913871 [debug] [Thread-2 (]: Writing runtime sql for node "model.grubgrid.stg_restaurants"
[0m16:26:12.915923 [debug] [Thread-3 (]: Began executing node model.grubgrid.dim_menu_items
[0m16:26:12.923472 [debug] [Thread-4 (]: Writing runtime sql for node "model.grubgrid.dim_locations"
[0m16:26:12.936731 [debug] [Thread-3 (]: Writing runtime sql for node "model.grubgrid.dim_menu_items"
[0m16:26:12.937730 [debug] [Thread-2 (]: Using postgres connection "model.grubgrid.stg_restaurants"
[0m16:26:12.940738 [debug] [Thread-2 (]: On model.grubgrid.stg_restaurants: /* {"app": "dbt", "dbt_version": "1.11.11", "profile_name": "grubgrid", "target_name": "dev", "node_id": "model.grubgrid.stg_restaurants"} */

  create view "grubgrid"."dbt_grubgrid_staging"."stg_restaurants__dbt_tmp"
    
    
  as (
    -- stg_restaurants.sql
-- Cleans restaurant master data
-- Falls back to deriving unique restaurants from raw_orders
-- if the restaurants table is empty

with from_table as (
    select
        restaurant_id,
        trim(restaurant_name)   as restaurant_name,
        trim(cuisine_type)      as cuisine_type,
        trim(location)          as location,
        rating::numeric(3,1)    as rating,
        is_active,
        joined_at::timestamp    as joined_at
    from "grubgrid"."public"."restaurants"
),

from_orders as (
    select distinct
        restaurant_id,
        restaurant_name,
        null::varchar           as cuisine_type,
        null::varchar           as location,
        null::numeric(3,1)      as rating,
        true                    as is_active,
        min(placed_at)          as joined_at
    from "grubgrid"."public"."raw_orders"
    group by restaurant_id, restaurant_name
),

combined as (
    select * from from_table
    union all
    select * from from_orders
    where restaurant_id not in (select restaurant_id from from_table)
)

select * from combined
  );
[0m16:26:12.942263 [debug] [Thread-4 (]: Using postgres connection "model.grubgrid.dim_locations"
[0m16:26:12.943286 [debug] [Thread-3 (]: Using postgres connection "model.grubgrid.dim_menu_items"
[0m16:26:12.944293 [debug] [Thread-2 (]: Opening a new connection, currently in state closed
[0m16:26:12.945828 [debug] [Thread-4 (]: On model.grubgrid.dim_locations: /* {"app": "dbt", "dbt_version": "1.11.11", "profile_name": "grubgrid", "target_name": "dev", "node_id": "model.grubgrid.dim_locations"} */

  
    

  create  table "grubgrid"."dbt_grubgrid_marts"."dim_locations__dbt_tmp"
  
  
    as
  
  (
    -- dim_locations.sql
-- Delivery location dimension derived from orders

with locations as (
    select distinct
        trim(location)  as location_name
    from "grubgrid"."dbt_grubgrid_staging"."stg_orders"
    where location is not null
)

select
    md5(cast(coalesce(cast(location_name as TEXT), '_dbt_utils_surrogate_key_null_') as TEXT))   as location_sk,
    location_name,
    -- In a real project these would come from a geocoding API
    'Chennai'                                                   as city,
    'Tamil Nadu'                                                as state,
    'India'                                                     as country,
    current_timestamp                                           as dbt_updated_at
from locations
  );
  
[0m16:26:12.947869 [debug] [Thread-3 (]: On model.grubgrid.dim_menu_items: /* {"app": "dbt", "dbt_version": "1.11.11", "profile_name": "grubgrid", "target_name": "dev", "node_id": "model.grubgrid.dim_menu_items"} */

  
    

  create  table "grubgrid"."dbt_grubgrid_marts"."dim_menu_items__dbt_tmp"
  
  
    as
  
  (
    -- dim_menu_items.sql
-- Menu item dimension table

with stg as (
    select * from "grubgrid"."dbt_grubgrid_staging"."stg_menu_items"
)

select
    md5(cast(coalesce(cast(item_id as TEXT), '_dbt_utils_surrogate_key_null_') as TEXT))         as item_sk,
    item_id,
    restaurant_id,
    item_name,
    coalesce(category, 'Uncategorised')                         as category,
    price,
    is_available,
    created_at,
    current_timestamp                                           as dbt_updated_at
from stg
  );
  
[0m16:26:12.947869 [debug] [Thread-4 (]: Opening a new connection, currently in state closed
[0m16:26:12.947869 [debug] [Thread-3 (]: Opening a new connection, currently in state closed
[0m16:26:12.984469 [debug] [Thread-2 (]: SQL status: CREATE VIEW in 0.047 seconds
[0m16:26:12.996299 [debug] [Thread-2 (]: Using postgres connection "model.grubgrid.stg_restaurants"
[0m16:26:13.001372 [debug] [Thread-2 (]: On model.grubgrid.stg_restaurants: /* {"app": "dbt", "dbt_version": "1.11.11", "profile_name": "grubgrid", "target_name": "dev", "node_id": "model.grubgrid.stg_restaurants"} */
alter table "grubgrid"."dbt_grubgrid_staging"."stg_restaurants__dbt_tmp" rename to "stg_restaurants"
[0m16:26:13.004514 [debug] [Thread-4 (]: SQL status: SELECT 10 in 0.055 seconds
[0m16:26:13.004514 [debug] [Thread-2 (]: SQL status: ALTER TABLE in 0.003 seconds
[0m16:26:13.011100 [debug] [Thread-4 (]: Using postgres connection "model.grubgrid.dim_locations"
[0m16:26:13.011100 [debug] [Thread-2 (]: On model.grubgrid.stg_restaurants: COMMIT
[0m16:26:13.011100 [debug] [Thread-3 (]: SQL status: SELECT 24 in 0.068 seconds
[0m16:26:13.020781 [debug] [Thread-4 (]: On model.grubgrid.dim_locations: /* {"app": "dbt", "dbt_version": "1.11.11", "profile_name": "grubgrid", "target_name": "dev", "node_id": "model.grubgrid.dim_locations"} */
alter table "grubgrid"."dbt_grubgrid_marts"."dim_locations__dbt_tmp" rename to "dim_locations"
[0m16:26:13.021854 [debug] [Thread-2 (]: Using postgres connection "model.grubgrid.stg_restaurants"
[0m16:26:13.029645 [debug] [Thread-3 (]: Using postgres connection "model.grubgrid.dim_menu_items"
[0m16:26:13.029645 [debug] [Thread-2 (]: On model.grubgrid.stg_restaurants: COMMIT
[0m16:26:13.029645 [debug] [Thread-4 (]: SQL status: ALTER TABLE in 0.003 seconds
[0m16:26:13.029645 [debug] [Thread-3 (]: On model.grubgrid.dim_menu_items: /* {"app": "dbt", "dbt_version": "1.11.11", "profile_name": "grubgrid", "target_name": "dev", "node_id": "model.grubgrid.dim_menu_items"} */
alter table "grubgrid"."dbt_grubgrid_marts"."dim_menu_items__dbt_tmp" rename to "dim_menu_items"
[0m16:26:13.029645 [debug] [Thread-4 (]: On model.grubgrid.dim_locations: COMMIT
[0m16:26:13.042685 [debug] [Thread-2 (]: SQL status: COMMIT in 0.005 seconds
[0m16:26:13.042685 [debug] [Thread-4 (]: Using postgres connection "model.grubgrid.dim_locations"
[0m16:26:13.045854 [debug] [Thread-3 (]: SQL status: ALTER TABLE in 0.003 seconds
[0m16:26:13.047347 [debug] [Thread-2 (]: Applying DROP to: "grubgrid"."dbt_grubgrid_staging"."stg_restaurants__dbt_backup"
[0m16:26:13.047347 [debug] [Thread-4 (]: On model.grubgrid.dim_locations: COMMIT
[0m16:26:13.047347 [debug] [Thread-3 (]: On model.grubgrid.dim_menu_items: COMMIT
[0m16:26:13.059334 [debug] [Thread-2 (]: Using postgres connection "model.grubgrid.stg_restaurants"
[0m16:26:13.062480 [debug] [Thread-3 (]: Using postgres connection "model.grubgrid.dim_menu_items"
[0m16:26:13.064626 [debug] [Thread-2 (]: On model.grubgrid.stg_restaurants: /* {"app": "dbt", "dbt_version": "1.11.11", "profile_name": "grubgrid", "target_name": "dev", "node_id": "model.grubgrid.stg_restaurants"} */
drop view if exists "grubgrid"."dbt_grubgrid_staging"."stg_restaurants__dbt_backup" cascade
[0m16:26:13.066671 [debug] [Thread-3 (]: On model.grubgrid.dim_menu_items: COMMIT
[0m16:26:13.068295 [debug] [Thread-4 (]: SQL status: COMMIT in 0.007 seconds
[0m16:26:13.075661 [debug] [Thread-4 (]: Applying DROP to: "grubgrid"."dbt_grubgrid_marts"."dim_locations__dbt_backup"
[0m16:26:13.076664 [debug] [Thread-2 (]: SQL status: DROP VIEW in 0.008 seconds
[0m16:26:13.078195 [debug] [Thread-3 (]: SQL status: COMMIT in 0.008 seconds
[0m16:26:13.080031 [debug] [Thread-4 (]: Using postgres connection "model.grubgrid.dim_locations"
[0m16:26:13.081187 [debug] [Thread-2 (]: On model.grubgrid.stg_restaurants: Close
[0m16:26:13.086026 [debug] [Thread-3 (]: Applying DROP to: "grubgrid"."dbt_grubgrid_marts"."dim_menu_items__dbt_backup"
[0m16:26:13.086026 [debug] [Thread-4 (]: On model.grubgrid.dim_locations: /* {"app": "dbt", "dbt_version": "1.11.11", "profile_name": "grubgrid", "target_name": "dev", "node_id": "model.grubgrid.dim_locations"} */
drop table if exists "grubgrid"."dbt_grubgrid_marts"."dim_locations__dbt_backup" cascade
[0m16:26:13.086026 [debug] [Thread-2 (]: Sending event: {'category': 'dbt', 'action': 'run_model', 'label': '89bfc3ba-ce97-4299-a14e-dddd4f25e74a', 'context': [<snowplow_tracker.self_describing_json.SelfDescribingJson object at 0x0000022CCD3486D0>]}
[0m16:26:13.086026 [debug] [Thread-3 (]: Using postgres connection "model.grubgrid.dim_menu_items"
[0m16:26:13.099281 [info ] [Thread-2 (]: 5 of 10 OK created sql view model dbt_grubgrid_staging.stg_restaurants ......... [[32mCREATE VIEW[0m in 0.25s]
[0m16:26:13.099281 [debug] [Thread-4 (]: SQL status: DROP TABLE in 0.004 seconds
[0m16:26:13.101676 [debug] [Thread-3 (]: On model.grubgrid.dim_menu_items: /* {"app": "dbt", "dbt_version": "1.11.11", "profile_name": "grubgrid", "target_name": "dev", "node_id": "model.grubgrid.dim_menu_items"} */
drop table if exists "grubgrid"."dbt_grubgrid_marts"."dim_menu_items__dbt_backup" cascade
[0m16:26:13.101676 [debug] [Thread-2 (]: Finished running node model.grubgrid.stg_restaurants
[0m16:26:13.106743 [debug] [Thread-4 (]: On model.grubgrid.dim_locations: Close
[0m16:26:13.111835 [debug] [Thread-3 (]: SQL status: DROP TABLE in 0.003 seconds
[0m16:26:13.106743 [debug] [Thread-1 (]: Began running node model.grubgrid.dim_restaurants
[0m16:26:13.115541 [debug] [Thread-4 (]: Sending event: {'category': 'dbt', 'action': 'run_model', 'label': '89bfc3ba-ce97-4299-a14e-dddd4f25e74a', 'context': [<snowplow_tracker.self_describing_json.SelfDescribingJson object at 0x0000022CCD374790>]}
[0m16:26:13.118526 [debug] [Thread-3 (]: On model.grubgrid.dim_menu_items: Close
[0m16:26:13.121267 [info ] [Thread-1 (]: 8 of 10 START sql table model dbt_grubgrid_marts.dim_restaurants ............... [RUN]
[0m16:26:13.124794 [info ] [Thread-4 (]: 6 of 10 OK created sql table model dbt_grubgrid_marts.dim_locations ............ [[32mSELECT 10[0m in 0.27s]
[0m16:26:13.124794 [debug] [Thread-3 (]: Sending event: {'category': 'dbt', 'action': 'run_model', 'label': '89bfc3ba-ce97-4299-a14e-dddd4f25e74a', 'context': [<snowplow_tracker.self_describing_json.SelfDescribingJson object at 0x0000022CCD8EC410>]}
[0m16:26:13.131070 [debug] [Thread-1 (]: Re-using an available connection from the pool (formerly model.grubgrid.dim_dates, now model.grubgrid.dim_restaurants)
[0m16:26:13.133119 [debug] [Thread-4 (]: Finished running node model.grubgrid.dim_locations
[0m16:26:13.136459 [info ] [Thread-3 (]: 7 of 10 OK created sql table model dbt_grubgrid_marts.dim_menu_items ........... [[32mSELECT 24[0m in 0.28s]
[0m16:26:13.138499 [debug] [Thread-1 (]: Began compiling node model.grubgrid.dim_restaurants
[0m16:26:13.141048 [debug] [Thread-3 (]: Finished running node model.grubgrid.dim_menu_items
[0m16:26:13.151950 [debug] [Thread-1 (]: Writing injected SQL for node "model.grubgrid.dim_restaurants"
[0m16:26:13.158237 [debug] [Thread-1 (]: Began executing node model.grubgrid.dim_restaurants
[0m16:26:13.168314 [debug] [Thread-1 (]: Writing runtime sql for node "model.grubgrid.dim_restaurants"
[0m16:26:13.172312 [debug] [Thread-1 (]: Using postgres connection "model.grubgrid.dim_restaurants"
[0m16:26:13.172312 [debug] [Thread-1 (]: On model.grubgrid.dim_restaurants: /* {"app": "dbt", "dbt_version": "1.11.11", "profile_name": "grubgrid", "target_name": "dev", "node_id": "model.grubgrid.dim_restaurants"} */

  
    

  create  table "grubgrid"."dbt_grubgrid_marts"."dim_restaurants__dbt_tmp"
  
  
    as
  
  (
    -- dim_restaurants.sql
-- Restaurant dimension table

with stg as (
    select * from "grubgrid"."dbt_grubgrid_staging"."stg_restaurants"
)

select
    md5(cast(coalesce(cast(restaurant_id as TEXT), '_dbt_utils_surrogate_key_null_') as TEXT))    as restaurant_sk,
    restaurant_id,
    restaurant_name,
    coalesce(cuisine_type, 'Unknown')                           as cuisine_type,
    coalesce(location, 'Unknown')                               as location,
    coalesce(rating, 0.0)                                       as rating,
    is_active,
    joined_at,
    current_timestamp                                           as dbt_updated_at
from stg
  );
  
[0m16:26:13.175891 [debug] [Thread-1 (]: Opening a new connection, currently in state closed
[0m16:26:13.225999 [debug] [Thread-1 (]: SQL status: SELECT 8 in 0.049 seconds
[0m16:26:13.231662 [debug] [Thread-1 (]: Using postgres connection "model.grubgrid.dim_restaurants"
[0m16:26:13.231662 [debug] [Thread-1 (]: On model.grubgrid.dim_restaurants: /* {"app": "dbt", "dbt_version": "1.11.11", "profile_name": "grubgrid", "target_name": "dev", "node_id": "model.grubgrid.dim_restaurants"} */
alter table "grubgrid"."dbt_grubgrid_marts"."dim_restaurants__dbt_tmp" rename to "dim_restaurants"
[0m16:26:13.231662 [debug] [Thread-1 (]: SQL status: ALTER TABLE in 0.002 seconds
[0m16:26:13.231662 [debug] [Thread-1 (]: On model.grubgrid.dim_restaurants: COMMIT
[0m16:26:13.231662 [debug] [Thread-1 (]: Using postgres connection "model.grubgrid.dim_restaurants"
[0m16:26:13.248773 [debug] [Thread-1 (]: On model.grubgrid.dim_restaurants: COMMIT
[0m16:26:13.248773 [debug] [Thread-1 (]: SQL status: COMMIT in 0.004 seconds
[0m16:26:13.248773 [debug] [Thread-1 (]: Applying DROP to: "grubgrid"."dbt_grubgrid_marts"."dim_restaurants__dbt_backup"
[0m16:26:13.263245 [debug] [Thread-1 (]: Using postgres connection "model.grubgrid.dim_restaurants"
[0m16:26:13.263245 [debug] [Thread-1 (]: On model.grubgrid.dim_restaurants: /* {"app": "dbt", "dbt_version": "1.11.11", "profile_name": "grubgrid", "target_name": "dev", "node_id": "model.grubgrid.dim_restaurants"} */
drop table if exists "grubgrid"."dbt_grubgrid_marts"."dim_restaurants__dbt_backup" cascade
[0m16:26:13.268281 [debug] [Thread-1 (]: SQL status: DROP TABLE in 0.002 seconds
[0m16:26:13.268281 [debug] [Thread-1 (]: On model.grubgrid.dim_restaurants: Close
[0m16:26:13.268281 [debug] [Thread-1 (]: Sending event: {'category': 'dbt', 'action': 'run_model', 'label': '89bfc3ba-ce97-4299-a14e-dddd4f25e74a', 'context': [<snowplow_tracker.self_describing_json.SelfDescribingJson object at 0x0000022CCD9624D0>]}
[0m16:26:13.268281 [info ] [Thread-1 (]: 8 of 10 OK created sql table model dbt_grubgrid_marts.dim_restaurants .......... [[32mSELECT 8[0m in 0.14s]
[0m16:26:13.279017 [debug] [Thread-1 (]: Finished running node model.grubgrid.dim_restaurants
[0m16:26:13.284197 [debug] [Thread-2 (]: Began running node model.grubgrid.fact_competitor_prices
[0m16:26:13.284197 [debug] [Thread-4 (]: Began running node model.grubgrid.fact_orders
[0m16:26:13.286266 [info ] [Thread-2 (]: 9 of 10 START sql table model dbt_grubgrid_marts.fact_competitor_prices ........ [RUN]
[0m16:26:13.286266 [info ] [Thread-4 (]: 10 of 10 START sql table model dbt_grubgrid_marts.fact_orders .................. [RUN]
[0m16:26:13.292205 [debug] [Thread-2 (]: Re-using an available connection from the pool (formerly model.grubgrid.stg_restaurants, now model.grubgrid.fact_competitor_prices)
[0m16:26:13.294933 [debug] [Thread-4 (]: Re-using an available connection from the pool (formerly model.grubgrid.dim_locations, now model.grubgrid.fact_orders)
[0m16:26:13.295584 [debug] [Thread-2 (]: Began compiling node model.grubgrid.fact_competitor_prices
[0m16:26:13.297575 [debug] [Thread-4 (]: Began compiling node model.grubgrid.fact_orders
[0m16:26:13.306871 [debug] [Thread-2 (]: Writing injected SQL for node "model.grubgrid.fact_competitor_prices"
[0m16:26:13.316585 [debug] [Thread-4 (]: Writing injected SQL for node "model.grubgrid.fact_orders"
[0m16:26:13.324129 [debug] [Thread-2 (]: Began executing node model.grubgrid.fact_competitor_prices
[0m16:26:13.336351 [debug] [Thread-2 (]: Writing runtime sql for node "model.grubgrid.fact_competitor_prices"
[0m16:26:13.336351 [debug] [Thread-4 (]: Began executing node model.grubgrid.fact_orders
[0m16:26:13.343001 [debug] [Thread-4 (]: Writing runtime sql for node "model.grubgrid.fact_orders"
[0m16:26:13.350310 [debug] [Thread-2 (]: Using postgres connection "model.grubgrid.fact_competitor_prices"
[0m16:26:13.351314 [debug] [Thread-2 (]: On model.grubgrid.fact_competitor_prices: /* {"app": "dbt", "dbt_version": "1.11.11", "profile_name": "grubgrid", "target_name": "dev", "node_id": "model.grubgrid.fact_competitor_prices"} */

  
    

  create  table "grubgrid"."dbt_grubgrid_marts"."fact_competitor_prices__dbt_tmp"
  
  
    as
  
  (
    -- fact_competitor_prices.sql
-- Fact table for daily competitor price snapshots

with prices as (
    select * from "grubgrid"."dbt_grubgrid_staging"."stg_competitor_prices"
),

restaurants as (
    select restaurant_name, restaurant_sk from "grubgrid"."dbt_grubgrid_marts"."dim_restaurants"
),

final as (
    select
        p.price_record_id,
        r.restaurant_sk,
        p.scrape_date                               as date_id,

        -- dimensions
        p.competitor_name,
        p.restaurant_name,
        p.item_name,

        -- measures
        p.our_price,
        p.competitor_price,
        p.price_gap,
        p.abs_price_gap,
        p.price_gap_pct,

        -- flags
        p.is_undercut,
        p.alert_severity,

        -- timestamps
        p.scraped_at,
        current_timestamp                           as dbt_updated_at

    from prices p
    left join restaurants r using (restaurant_name)
)

select * from final
  );
  
[0m16:26:13.353312 [debug] [Thread-4 (]: Using postgres connection "model.grubgrid.fact_orders"
[0m16:26:13.354311 [debug] [Thread-2 (]: Opening a new connection, currently in state closed
[0m16:26:13.355850 [debug] [Thread-4 (]: On model.grubgrid.fact_orders: /* {"app": "dbt", "dbt_version": "1.11.11", "profile_name": "grubgrid", "target_name": "dev", "node_id": "model.grubgrid.fact_orders"} */

  
    

  create  table "grubgrid"."dbt_grubgrid_marts"."fact_orders__dbt_tmp"
  
  
    as
  
  (
    -- fact_orders.sql
-- Central fact table — one row per order

with orders as (
    select * from "grubgrid"."dbt_grubgrid_staging"."stg_orders"
),

restaurants as (
    select restaurant_id, restaurant_sk from "grubgrid"."dbt_grubgrid_marts"."dim_restaurants"
),

items as (
    select item_id, item_sk from "grubgrid"."dbt_grubgrid_marts"."dim_menu_items"
),

locations as (
    select location_name, location_sk from "grubgrid"."dbt_grubgrid_marts"."dim_locations"
),

final as (
    select
        -- keys
        o.order_id,
        r.restaurant_sk,
        i.item_sk,
        l.location_sk,
        o.order_date                                as date_id,

        -- degenerate dimensions
        o.order_id                                  as order_natural_key,
        o.customer_id,
        o.status,

        -- measures
        o.quantity,
        o.unit_price,
        o.total_price,
        o.delivery_minutes,

        -- time attributes
        o.placed_at,
        o.delivered_at,
        o.order_hour,
        o.day_of_week,

        current_timestamp                           as dbt_updated_at

    from orders o
    left join restaurants r using (restaurant_id)
    left join items       i using (item_id)
    left join locations   l on l.location_name = o.location
)

select * from final
  );
  
[0m16:26:13.357874 [debug] [Thread-4 (]: Opening a new connection, currently in state closed
[0m16:26:13.402551 [debug] [Thread-2 (]: SQL status: SELECT 72 in 0.051 seconds
[0m16:26:13.413111 [debug] [Thread-2 (]: Using postgres connection "model.grubgrid.fact_competitor_prices"
[0m16:26:13.414148 [debug] [Thread-2 (]: On model.grubgrid.fact_competitor_prices: /* {"app": "dbt", "dbt_version": "1.11.11", "profile_name": "grubgrid", "target_name": "dev", "node_id": "model.grubgrid.fact_competitor_prices"} */
alter table "grubgrid"."dbt_grubgrid_marts"."fact_competitor_prices__dbt_tmp" rename to "fact_competitor_prices"
[0m16:26:13.417735 [debug] [Thread-2 (]: SQL status: ALTER TABLE in 0.002 seconds
[0m16:26:13.419113 [debug] [Thread-2 (]: On model.grubgrid.fact_competitor_prices: COMMIT
[0m16:26:13.423197 [debug] [Thread-2 (]: Using postgres connection "model.grubgrid.fact_competitor_prices"
[0m16:26:13.423197 [debug] [Thread-2 (]: On model.grubgrid.fact_competitor_prices: COMMIT
[0m16:26:13.423197 [debug] [Thread-4 (]: SQL status: SELECT 1110 in 0.069 seconds
[0m16:26:13.432470 [debug] [Thread-4 (]: Using postgres connection "model.grubgrid.fact_orders"
[0m16:26:13.432470 [debug] [Thread-2 (]: SQL status: COMMIT in 0.008 seconds
[0m16:26:13.437065 [debug] [Thread-4 (]: On model.grubgrid.fact_orders: /* {"app": "dbt", "dbt_version": "1.11.11", "profile_name": "grubgrid", "target_name": "dev", "node_id": "model.grubgrid.fact_orders"} */
alter table "grubgrid"."dbt_grubgrid_marts"."fact_orders__dbt_tmp" rename to "fact_orders"
[0m16:26:13.438697 [debug] [Thread-2 (]: Applying DROP to: "grubgrid"."dbt_grubgrid_marts"."fact_competitor_prices__dbt_backup"
[0m16:26:13.444870 [debug] [Thread-2 (]: Using postgres connection "model.grubgrid.fact_competitor_prices"
[0m16:26:13.444870 [debug] [Thread-4 (]: SQL status: ALTER TABLE in 0.003 seconds
[0m16:26:13.449506 [debug] [Thread-2 (]: On model.grubgrid.fact_competitor_prices: /* {"app": "dbt", "dbt_version": "1.11.11", "profile_name": "grubgrid", "target_name": "dev", "node_id": "model.grubgrid.fact_competitor_prices"} */
drop table if exists "grubgrid"."dbt_grubgrid_marts"."fact_competitor_prices__dbt_backup" cascade
[0m16:26:13.454483 [debug] [Thread-4 (]: On model.grubgrid.fact_orders: COMMIT
[0m16:26:13.454483 [debug] [Thread-4 (]: Using postgres connection "model.grubgrid.fact_orders"
[0m16:26:13.460563 [debug] [Thread-2 (]: SQL status: DROP TABLE in 0.002 seconds
[0m16:26:13.460563 [debug] [Thread-4 (]: On model.grubgrid.fact_orders: COMMIT
[0m16:26:13.465745 [debug] [Thread-2 (]: On model.grubgrid.fact_competitor_prices: Close
[0m16:26:13.465745 [debug] [Thread-2 (]: Sending event: {'category': 'dbt', 'action': 'run_model', 'label': '89bfc3ba-ce97-4299-a14e-dddd4f25e74a', 'context': [<snowplow_tracker.self_describing_json.SelfDescribingJson object at 0x0000022CCD98B110>]}
[0m16:26:13.473333 [debug] [Thread-4 (]: SQL status: COMMIT in 0.005 seconds
[0m16:26:13.465745 [info ] [Thread-2 (]: 9 of 10 OK created sql table model dbt_grubgrid_marts.fact_competitor_prices ... [[32mSELECT 72[0m in 0.17s]
[0m16:26:13.476986 [debug] [Thread-4 (]: Applying DROP to: "grubgrid"."dbt_grubgrid_marts"."fact_orders__dbt_backup"
[0m16:26:13.476986 [debug] [Thread-2 (]: Finished running node model.grubgrid.fact_competitor_prices
[0m16:26:13.476986 [debug] [Thread-4 (]: Using postgres connection "model.grubgrid.fact_orders"
[0m16:26:13.485093 [debug] [Thread-4 (]: On model.grubgrid.fact_orders: /* {"app": "dbt", "dbt_version": "1.11.11", "profile_name": "grubgrid", "target_name": "dev", "node_id": "model.grubgrid.fact_orders"} */
drop table if exists "grubgrid"."dbt_grubgrid_marts"."fact_orders__dbt_backup" cascade
[0m16:26:13.487460 [debug] [Thread-4 (]: SQL status: DROP TABLE in 0.002 seconds
[0m16:26:13.495430 [debug] [Thread-4 (]: On model.grubgrid.fact_orders: Close
[0m16:26:13.498624 [debug] [Thread-4 (]: Sending event: {'category': 'dbt', 'action': 'run_model', 'label': '89bfc3ba-ce97-4299-a14e-dddd4f25e74a', 'context': [<snowplow_tracker.self_describing_json.SelfDescribingJson object at 0x0000022CCD46FA90>]}
[0m16:26:13.501459 [info ] [Thread-4 (]: 10 of 10 OK created sql table model dbt_grubgrid_marts.fact_orders ............. [[32mSELECT 1110[0m in 0.20s]
[0m16:26:13.504418 [debug] [Thread-4 (]: Finished running node model.grubgrid.fact_orders
[0m16:26:13.507579 [debug] [MainThread]: On master: COMMIT
[0m16:26:13.507579 [debug] [MainThread]: Using postgres connection "master"
[0m16:26:13.507579 [debug] [MainThread]: On master: COMMIT
[0m16:26:13.513172 [debug] [MainThread]: Opening a new connection, currently in state closed
[0m16:26:13.555868 [debug] [MainThread]: SQL status: COMMIT in 0.043 seconds
[0m16:26:13.555868 [debug] [MainThread]: On master: Close
[0m16:26:13.555868 [debug] [MainThread]: Connection 'master' was properly closed.
[0m16:26:13.555868 [debug] [MainThread]: Connection 'create_grubgrid_dbt_grubgrid_marts' was properly closed.
[0m16:26:13.555868 [debug] [MainThread]: Connection 'create_grubgrid_dbt_grubgrid_staging' was properly closed.
[0m16:26:13.555868 [debug] [MainThread]: Connection 'list_grubgrid_dbt_grubgrid_marts' was properly closed.
[0m16:26:13.564620 [debug] [MainThread]: Connection 'list_grubgrid_dbt_grubgrid_staging' was properly closed.
[0m16:26:13.565402 [debug] [MainThread]: Connection 'model.grubgrid.dim_restaurants' was properly closed.
[0m16:26:13.566838 [debug] [MainThread]: Connection 'model.grubgrid.fact_competitor_prices' was properly closed.
[0m16:26:13.567874 [debug] [MainThread]: Connection 'model.grubgrid.dim_menu_items' was properly closed.
[0m16:26:13.568869 [debug] [MainThread]: Connection 'model.grubgrid.fact_orders' was properly closed.
[0m16:26:13.570870 [info ] [MainThread]: 
[0m16:26:13.572869 [info ] [MainThread]: Finished running 6 table models, 4 view models in 0 hours 0 minutes and 1.99 seconds (1.99s).
[0m16:26:13.577888 [debug] [MainThread]: Command end result
[0m16:26:13.665341 [debug] [MainThread]: Wrote artifact WritableManifest to E:\GrubGrid\dbt_project\target\manifest.json
[0m16:26:13.665341 [debug] [MainThread]: Wrote artifact SemanticManifest to E:\GrubGrid\dbt_project\target\semantic_manifest.json
[0m16:26:13.681500 [debug] [MainThread]: Wrote artifact RunExecutionResult to E:\GrubGrid\dbt_project\target\run_results.json
[0m16:26:13.681500 [info ] [MainThread]: 
[0m16:26:13.689132 [info ] [MainThread]: [32mCompleted successfully[0m
[0m16:26:13.689132 [info ] [MainThread]: 
[0m16:26:13.689132 [info ] [MainThread]: Done. PASS=10 WARN=0 ERROR=0 SKIP=0 NO-OP=0 TOTAL=10
[0m16:26:13.697259 [debug] [MainThread]: Command `dbt run` succeeded at 16:26:13.696805 after 4.62 seconds
[0m16:26:13.698836 [debug] [MainThread]: Sending event: {'category': 'dbt', 'action': 'invocation', 'label': 'end', 'context': [<snowplow_tracker.self_describing_json.SelfDescribingJson object at 0x0000022CC4C63A10>, <snowplow_tracker.self_describing_json.SelfDescribingJson object at 0x0000022CC4C51B50>, <snowplow_tracker.self_describing_json.SelfDescribingJson object at 0x0000022CC4C52D50>]}
[0m16:26:13.700876 [debug] [MainThread]: Flushing usage events
[0m16:26:17.202711 [debug] [MainThread]: An error was encountered while trying to flush usage events
[0m16:26:53.225656 [debug] [MainThread]: Sending event: {'category': 'dbt', 'action': 'invocation', 'label': 'start', 'context': [<snowplow_tracker.self_describing_json.SelfDescribingJson object at 0x0000023D22DAD150>, <snowplow_tracker.self_describing_json.SelfDescribingJson object at 0x0000023D22DAFB90>, <snowplow_tracker.self_describing_json.SelfDescribingJson object at 0x0000023D22DAF350>]}


============================== 16:26:53.246423 | acd6c060-d16a-4726-954b-24c2426c53a8 ==============================
[0m16:26:53.246423 [info ] [MainThread]: Running with dbt=1.11.11
[0m16:26:53.249741 [debug] [MainThread]: running dbt with arguments {'version_check': 'True', 'no_print': 'None', 'static_parser': 'True', 'target_path': 'None', 'warn_error_options': 'WarnErrorOptionsV2(error=[], warn=[], silence=[])', 'printer_width': '80', 'write_json': 'True', 'empty': 'None', 'log_cache_events': 'False', 'introspect': 'True', 'cache_selected_only': 'False', 'log_format': 'default', 'debug': 'False', 'fail_fast': 'False', 'partial_parse': 'True', 'send_anonymous_usage_stats': 'True', 'quiet': 'False', 'warn_error': 'None', 'profiles_dir': '.', 'indirect_selection': 'eager', 'use_colors': 'True', 'invocation_command': 'dbt test --profiles-dir .', 'use_experimental_parser': 'False', 'log_path': 'E:\\GrubGrid\\dbt_project\\logs'}
[0m16:26:53.862866 [debug] [MainThread]: Sending event: {'category': 'dbt', 'action': 'project_id', 'label': 'acd6c060-d16a-4726-954b-24c2426c53a8', 'context': [<snowplow_tracker.self_describing_json.SelfDescribingJson object at 0x0000023D23E73310>]}
[0m16:26:54.064723 [debug] [MainThread]: Sending event: {'category': 'dbt', 'action': 'adapter_info', 'label': 'acd6c060-d16a-4726-954b-24c2426c53a8', 'context': [<snowplow_tracker.self_describing_json.SelfDescribingJson object at 0x0000023D1F509B10>]}
[0m16:26:54.071800 [info ] [MainThread]: Registered adapter: postgres=1.10.0
[0m16:26:55.557087 [debug] [MainThread]: checksum: 30a8cc8fdcbf66701b0944d4ccce3fa46dd04b61e5df68b9f16d57b2e0e3f0be, vars: {}, profile: , target: , version: 1.11.11
[0m16:26:56.083269 [debug] [MainThread]: Partial parsing enabled: 0 files deleted, 0 files added, 0 files changed.
[0m16:26:56.085772 [debug] [MainThread]: Nothing changed, skipping partial parsing.
[0m16:26:56.087050 [debug] [MainThread]: Partial parsing enabled, no changes found, skipping parsing
[0m16:26:56.222308 [debug] [MainThread]: Sending event: {'category': 'dbt', 'action': 'load_project', 'label': 'acd6c060-d16a-4726-954b-24c2426c53a8', 'context': [<snowplow_tracker.self_describing_json.SelfDescribingJson object at 0x0000023D244435D0>]}
[0m16:26:56.687587 [debug] [MainThread]: Wrote artifact WritableManifest to E:\GrubGrid\dbt_project\target\manifest.json
[0m16:26:56.698793 [debug] [MainThread]: Wrote artifact SemanticManifest to E:\GrubGrid\dbt_project\target\semantic_manifest.json
[0m16:26:56.782258 [debug] [MainThread]: Sending event: {'category': 'dbt', 'action': 'resource_counts', 'label': 'acd6c060-d16a-4726-954b-24c2426c53a8', 'context': [<snowplow_tracker.self_describing_json.SelfDescribingJson object at 0x0000023D1F7EF890>]}
[0m16:26:56.782258 [info ] [MainThread]: Found 10 models, 24 data tests, 4 sources, 591 macros
[0m16:26:56.782258 [debug] [MainThread]: Sending event: {'category': 'dbt', 'action': 'runnable_timing', 'label': 'acd6c060-d16a-4726-954b-24c2426c53a8', 'context': [<snowplow_tracker.self_describing_json.SelfDescribingJson object at 0x0000023D23F41CD0>]}
[0m16:26:56.794641 [info ] [MainThread]: 
[0m16:26:56.798736 [info ] [MainThread]: Concurrency: 4 threads (target='dev')
[0m16:26:56.798736 [info ] [MainThread]: 
[0m16:26:56.798736 [debug] [MainThread]: Acquiring new postgres connection 'master'
[0m16:26:56.824076 [debug] [ThreadPool]: Acquiring new postgres connection 'list_grubgrid_dbt_grubgrid_marts'
[0m16:26:56.847359 [debug] [ThreadPool]: Acquiring new postgres connection 'list_grubgrid_dbt_grubgrid_staging'
[0m16:26:57.066656 [debug] [ThreadPool]: Using postgres connection "list_grubgrid_dbt_grubgrid_marts"
[0m16:26:57.066656 [debug] [ThreadPool]: Using postgres connection "list_grubgrid_dbt_grubgrid_staging"
[0m16:26:57.066656 [debug] [ThreadPool]: On list_grubgrid_dbt_grubgrid_marts: /* {"app": "dbt", "dbt_version": "1.11.11", "profile_name": "grubgrid", "target_name": "dev", "connection_name": "list_grubgrid_dbt_grubgrid_marts"} */
select
      'grubgrid' as database,
      tablename as name,
      schemaname as schema,
      'table' as type
    from pg_tables
    where schemaname ilike 'dbt_grubgrid_marts'
    union all
    select
      'grubgrid' as database,
      viewname as name,
      schemaname as schema,
      'view' as type
    from pg_views
    where schemaname ilike 'dbt_grubgrid_marts'
    union all
    select
      'grubgrid' as database,
      matviewname as name,
      schemaname as schema,
      'materialized_view' as type
    from pg_matviews
    where schemaname ilike 'dbt_grubgrid_marts'
  
[0m16:26:57.066656 [debug] [ThreadPool]: On list_grubgrid_dbt_grubgrid_staging: /* {"app": "dbt", "dbt_version": "1.11.11", "profile_name": "grubgrid", "target_name": "dev", "connection_name": "list_grubgrid_dbt_grubgrid_staging"} */
select
      'grubgrid' as database,
      tablename as name,
      schemaname as schema,
      'table' as type
    from pg_tables
    where schemaname ilike 'dbt_grubgrid_staging'
    union all
    select
      'grubgrid' as database,
      viewname as name,
      schemaname as schema,
      'view' as type
    from pg_views
    where schemaname ilike 'dbt_grubgrid_staging'
    union all
    select
      'grubgrid' as database,
      matviewname as name,
      schemaname as schema,
      'materialized_view' as type
    from pg_matviews
    where schemaname ilike 'dbt_grubgrid_staging'
  
[0m16:26:57.066656 [debug] [ThreadPool]: Opening a new connection, currently in state init
[0m16:26:57.066656 [debug] [ThreadPool]: Opening a new connection, currently in state init
[0m16:26:57.133815 [debug] [ThreadPool]: SQL status: SELECT 6 in 0.060 seconds
[0m16:26:57.133815 [debug] [ThreadPool]: SQL status: SELECT 4 in 0.060 seconds
[0m16:26:57.143807 [debug] [ThreadPool]: On list_grubgrid_dbt_grubgrid_marts: ROLLBACK
[0m16:26:57.143807 [debug] [ThreadPool]: On list_grubgrid_dbt_grubgrid_staging: ROLLBACK
[0m16:26:57.150651 [debug] [ThreadPool]: On list_grubgrid_dbt_grubgrid_marts: Close
[0m16:26:57.151683 [debug] [ThreadPool]: On list_grubgrid_dbt_grubgrid_staging: Close
[0m16:26:57.169417 [debug] [MainThread]: Using postgres connection "master"
[0m16:26:57.171422 [debug] [MainThread]: On master: /* {"app": "dbt", "dbt_version": "1.11.11", "profile_name": "grubgrid", "target_name": "dev", "connection_name": "master"} */
select distinct
        dependent_namespace.nspname as dependent_schema,
        dependent_class.relname as dependent_name,
        referenced_namespace.nspname as referenced_schema,
        referenced_class.relname as referenced_name

    -- Query for views: views are entries in pg_class with an entry in pg_rewrite, but we avoid
    -- a seq scan on pg_rewrite by leveraging the fact there is an "internal" row in pg_depend for
    -- the view...
    from pg_class as dependent_class
    join pg_namespace as dependent_namespace on dependent_namespace.oid = dependent_class.relnamespace
    join pg_depend as dependent_depend on dependent_depend.refobjid = dependent_class.oid
        and dependent_depend.classid = 'pg_rewrite'::regclass
        and dependent_depend.refclassid = 'pg_class'::regclass
        and dependent_depend.deptype = 'i'

    -- ... and via pg_depend (that has a row per column, hence the need for "distinct" above, and
    -- making sure to exclude the internal row to avoid a view appearing to depend on itself)...
    join pg_depend as joining_depend on joining_depend.objid = dependent_depend.objid
        and joining_depend.classid = 'pg_rewrite'::regclass
        and joining_depend.refclassid = 'pg_class'::regclass
        and joining_depend.refobjid != dependent_depend.refobjid

    -- ... we can find the tables they query from in pg_class, but excluding system tables. Note we
    -- don't need need to exclude _dependent_ system tables, because they only query from other
    -- system tables, and so are automatically excluded by excluding _referenced_ system tables
    join pg_class as referenced_class on referenced_class.oid = joining_depend.refobjid
    join pg_namespace as referenced_namespace on referenced_namespace.oid = referenced_class.relnamespace
        and referenced_namespace.nspname != 'information_schema'
        and referenced_namespace.nspname not like 'pg\_%'

    order by
        dependent_schema, dependent_name, referenced_schema, referenced_name;
[0m16:26:57.172421 [debug] [MainThread]: Opening a new connection, currently in state init
[0m16:26:57.214508 [debug] [MainThread]: SQL status: SELECT 6 in 0.041 seconds
[0m16:26:57.217539 [debug] [MainThread]: Sending event: {'category': 'dbt', 'action': 'runnable_timing', 'label': 'acd6c060-d16a-4726-954b-24c2426c53a8', 'context': [<snowplow_tracker.self_describing_json.SelfDescribingJson object at 0x0000023D24A16D10>]}
[0m16:26:57.219701 [debug] [MainThread]: On master: ROLLBACK
[0m16:26:57.222727 [debug] [MainThread]: On master: COMMIT
[0m16:26:57.223712 [debug] [MainThread]: Using postgres connection "master"
[0m16:26:57.225381 [debug] [MainThread]: On master: COMMIT
[0m16:26:57.228553 [debug] [MainThread]: SQL status: COMMIT in 0.002 seconds
[0m16:26:57.230543 [debug] [MainThread]: On master: Close
[0m16:26:57.236611 [debug] [Thread-1 (]: Began running node test.grubgrid.accepted_values_stg_competitor_prices_alert_severity__low__medium__high__critical.b2d84941a4
[0m16:26:57.236611 [debug] [Thread-2 (]: Began running node test.grubgrid.accepted_values_stg_orders_status__placed__preparing__out_for_delivery__delivered.32e139d0b7
[0m16:26:57.236611 [debug] [Thread-3 (]: Began running node test.grubgrid.dbt_utils_expression_is_true_dim_menu_items_price___0.b116c0c6c2
[0m16:26:57.236611 [debug] [Thread-4 (]: Began running node test.grubgrid.dbt_utils_expression_is_true_fact_orders_total_price___0.addfa62626
[0m16:26:57.236611 [info ] [Thread-1 (]: 1 of 24 START test accepted_values_stg_competitor_prices_alert_severity__low__medium__high__critical  [RUN]
[0m16:26:57.250379 [info ] [Thread-2 (]: 2 of 24 START test accepted_values_stg_orders_status__placed__preparing__out_for_delivery__delivered  [RUN]
[0m16:26:57.250379 [info ] [Thread-3 (]: 3 of 24 START test dbt_utils_expression_is_true_dim_menu_items_price___0 ....... [RUN]
[0m16:26:57.254605 [info ] [Thread-4 (]: 4 of 24 START test dbt_utils_expression_is_true_fact_orders_total_price___0 .... [RUN]
[0m16:26:57.254605 [debug] [Thread-1 (]: Acquiring new postgres connection 'test.grubgrid.accepted_values_stg_competitor_prices_alert_severity__low__medium__high__critical.b2d84941a4'
[0m16:26:57.257352 [debug] [Thread-2 (]: Acquiring new postgres connection 'test.grubgrid.accepted_values_stg_orders_status__placed__preparing__out_for_delivery__delivered.32e139d0b7'
[0m16:26:57.259516 [debug] [Thread-3 (]: Acquiring new postgres connection 'test.grubgrid.dbt_utils_expression_is_true_dim_menu_items_price___0.b116c0c6c2'
[0m16:26:57.260536 [debug] [Thread-4 (]: Acquiring new postgres connection 'test.grubgrid.dbt_utils_expression_is_true_fact_orders_total_price___0.addfa62626'
[0m16:26:57.262850 [debug] [Thread-1 (]: Began compiling node test.grubgrid.accepted_values_stg_competitor_prices_alert_severity__low__medium__high__critical.b2d84941a4
[0m16:26:57.263847 [debug] [Thread-2 (]: Began compiling node test.grubgrid.accepted_values_stg_orders_status__placed__preparing__out_for_delivery__delivered.32e139d0b7
[0m16:26:57.265226 [debug] [Thread-3 (]: Began compiling node test.grubgrid.dbt_utils_expression_is_true_dim_menu_items_price___0.b116c0c6c2
[0m16:26:57.266238 [debug] [Thread-4 (]: Began compiling node test.grubgrid.dbt_utils_expression_is_true_fact_orders_total_price___0.addfa62626
[0m16:26:57.308042 [debug] [Thread-1 (]: Writing injected SQL for node "test.grubgrid.accepted_values_stg_competitor_prices_alert_severity__low__medium__high__critical.b2d84941a4"
[0m16:26:57.323673 [debug] [Thread-2 (]: Writing injected SQL for node "test.grubgrid.accepted_values_stg_orders_status__placed__preparing__out_for_delivery__delivered.32e139d0b7"
[0m16:26:57.346527 [debug] [Thread-3 (]: Writing injected SQL for node "test.grubgrid.dbt_utils_expression_is_true_dim_menu_items_price___0.b116c0c6c2"
[0m16:26:57.348433 [debug] [Thread-4 (]: Writing injected SQL for node "test.grubgrid.dbt_utils_expression_is_true_fact_orders_total_price___0.addfa62626"
[0m16:26:57.348433 [debug] [Thread-2 (]: Began executing node test.grubgrid.accepted_values_stg_orders_status__placed__preparing__out_for_delivery__delivered.32e139d0b7
[0m16:26:57.364656 [debug] [Thread-1 (]: Began executing node test.grubgrid.accepted_values_stg_competitor_prices_alert_severity__low__medium__high__critical.b2d84941a4
[0m16:26:57.380525 [debug] [Thread-3 (]: Began executing node test.grubgrid.dbt_utils_expression_is_true_dim_menu_items_price___0.b116c0c6c2
[0m16:26:57.400485 [debug] [Thread-2 (]: Writing runtime sql for node "test.grubgrid.accepted_values_stg_orders_status__placed__preparing__out_for_delivery__delivered.32e139d0b7"
[0m16:26:57.400485 [debug] [Thread-4 (]: Began executing node test.grubgrid.dbt_utils_expression_is_true_fact_orders_total_price___0.addfa62626
[0m16:26:57.400485 [debug] [Thread-1 (]: Writing runtime sql for node "test.grubgrid.accepted_values_stg_competitor_prices_alert_severity__low__medium__high__critical.b2d84941a4"
[0m16:26:57.418082 [debug] [Thread-3 (]: Writing runtime sql for node "test.grubgrid.dbt_utils_expression_is_true_dim_menu_items_price___0.b116c0c6c2"
[0m16:26:57.418082 [debug] [Thread-4 (]: Writing runtime sql for node "test.grubgrid.dbt_utils_expression_is_true_fact_orders_total_price___0.addfa62626"
[0m16:26:57.429026 [debug] [Thread-1 (]: Using postgres connection "test.grubgrid.accepted_values_stg_competitor_prices_alert_severity__low__medium__high__critical.b2d84941a4"
[0m16:26:57.429026 [debug] [Thread-3 (]: Using postgres connection "test.grubgrid.dbt_utils_expression_is_true_dim_menu_items_price___0.b116c0c6c2"
[0m16:26:57.429026 [debug] [Thread-2 (]: Using postgres connection "test.grubgrid.accepted_values_stg_orders_status__placed__preparing__out_for_delivery__delivered.32e139d0b7"
[0m16:26:57.429026 [debug] [Thread-1 (]: On test.grubgrid.accepted_values_stg_competitor_prices_alert_severity__low__medium__high__critical.b2d84941a4: /* {"app": "dbt", "dbt_version": "1.11.11", "profile_name": "grubgrid", "target_name": "dev", "node_id": "test.grubgrid.accepted_values_stg_competitor_prices_alert_severity__low__medium__high__critical.b2d84941a4"} */

    
    select
      count(*) as failures,
      count(*) != 0 as should_warn,
      count(*) != 0 as should_error
    from (
      
    
  
    
    

with all_values as (

    select
        alert_severity as value_field,
        count(*) as n_records

    from "grubgrid"."dbt_grubgrid_staging"."stg_competitor_prices"
    group by alert_severity

)

select *
from all_values
where value_field not in (
    'low','medium','high','critical'
)



  
  
      
    ) dbt_internal_test
[0m16:26:57.435326 [debug] [Thread-4 (]: Using postgres connection "test.grubgrid.dbt_utils_expression_is_true_fact_orders_total_price___0.addfa62626"
[0m16:26:57.437534 [debug] [Thread-3 (]: On test.grubgrid.dbt_utils_expression_is_true_dim_menu_items_price___0.b116c0c6c2: /* {"app": "dbt", "dbt_version": "1.11.11", "profile_name": "grubgrid", "target_name": "dev", "node_id": "test.grubgrid.dbt_utils_expression_is_true_dim_menu_items_price___0.b116c0c6c2"} */

    
    select
      count(*) as failures,
      count(*) != 0 as should_warn,
      count(*) != 0 as should_error
    from (
      
    
  



select
    1
from "grubgrid"."dbt_grubgrid_marts"."dim_menu_items"

where not(price > 0)


  
  
      
    ) dbt_internal_test
[0m16:26:57.437534 [debug] [Thread-2 (]: On test.grubgrid.accepted_values_stg_orders_status__placed__preparing__out_for_delivery__delivered.32e139d0b7: /* {"app": "dbt", "dbt_version": "1.11.11", "profile_name": "grubgrid", "target_name": "dev", "node_id": "test.grubgrid.accepted_values_stg_orders_status__placed__preparing__out_for_delivery__delivered.32e139d0b7"} */

    
    select
      count(*) as failures,
      count(*) != 0 as should_warn,
      count(*) != 0 as should_error
    from (
      
    
  
    
    

with all_values as (

    select
        status as value_field,
        count(*) as n_records

    from "grubgrid"."dbt_grubgrid_staging"."stg_orders"
    group by status

)

select *
from all_values
where value_field not in (
    'placed','preparing','out_for_delivery','delivered'
)



  
  
      
    ) dbt_internal_test
[0m16:26:57.437534 [debug] [Thread-1 (]: Opening a new connection, currently in state init
[0m16:26:57.437534 [debug] [Thread-4 (]: On test.grubgrid.dbt_utils_expression_is_true_fact_orders_total_price___0.addfa62626: /* {"app": "dbt", "dbt_version": "1.11.11", "profile_name": "grubgrid", "target_name": "dev", "node_id": "test.grubgrid.dbt_utils_expression_is_true_fact_orders_total_price___0.addfa62626"} */

    
    select
      count(*) as failures,
      count(*) != 0 as should_warn,
      count(*) != 0 as should_error
    from (
      
    
  



select
    1
from "grubgrid"."dbt_grubgrid_marts"."fact_orders"

where not(total_price >= 0)


  
  
      
    ) dbt_internal_test
[0m16:26:57.437534 [debug] [Thread-3 (]: Opening a new connection, currently in state init
[0m16:26:57.437534 [debug] [Thread-2 (]: Opening a new connection, currently in state init
[0m16:26:57.445801 [debug] [Thread-4 (]: Opening a new connection, currently in state init
[0m16:26:57.489915 [debug] [Thread-4 (]: SQL status: SELECT 1 in 0.047 seconds
[0m16:26:57.495032 [debug] [Thread-3 (]: SQL status: SELECT 1 in 0.052 seconds
[0m16:26:57.505644 [debug] [Thread-4 (]: On test.grubgrid.dbt_utils_expression_is_true_fact_orders_total_price___0.addfa62626: ROLLBACK
[0m16:26:57.506643 [debug] [Thread-1 (]: SQL status: SELECT 1 in 0.066 seconds
[0m16:26:57.507648 [debug] [Thread-2 (]: SQL status: SELECT 1 in 0.063 seconds
[0m16:26:57.511653 [debug] [Thread-3 (]: On test.grubgrid.dbt_utils_expression_is_true_dim_menu_items_price___0.b116c0c6c2: ROLLBACK
[0m16:26:57.516328 [debug] [Thread-1 (]: On test.grubgrid.accepted_values_stg_competitor_prices_alert_severity__low__medium__high__critical.b2d84941a4: ROLLBACK
[0m16:26:57.516328 [debug] [Thread-4 (]: On test.grubgrid.dbt_utils_expression_is_true_fact_orders_total_price___0.addfa62626: Close
[0m16:26:57.516328 [debug] [Thread-2 (]: On test.grubgrid.accepted_values_stg_orders_status__placed__preparing__out_for_delivery__delivered.32e139d0b7: ROLLBACK
[0m16:26:57.516328 [debug] [Thread-3 (]: On test.grubgrid.dbt_utils_expression_is_true_dim_menu_items_price___0.b116c0c6c2: Close
[0m16:26:57.516328 [debug] [Thread-1 (]: On test.grubgrid.accepted_values_stg_competitor_prices_alert_severity__low__medium__high__critical.b2d84941a4: Close
[0m16:26:57.516328 [info ] [Thread-4 (]: 4 of 24 PASS dbt_utils_expression_is_true_fact_orders_total_price___0 .......... [[32mPASS[0m in 0.26s]
[0m16:26:57.528106 [debug] [Thread-2 (]: On test.grubgrid.accepted_values_stg_orders_status__placed__preparing__out_for_delivery__delivered.32e139d0b7: Close
[0m16:26:57.528106 [info ] [Thread-3 (]: 3 of 24 PASS dbt_utils_expression_is_true_dim_menu_items_price___0 ............. [[32mPASS[0m in 0.27s]
[0m16:26:57.533081 [info ] [Thread-1 (]: 1 of 24 PASS accepted_values_stg_competitor_prices_alert_severity__low__medium__high__critical  [[32mPASS[0m in 0.28s]
[0m16:26:57.535971 [debug] [Thread-4 (]: Finished running node test.grubgrid.dbt_utils_expression_is_true_fact_orders_total_price___0.addfa62626
[0m16:26:57.539051 [info ] [Thread-2 (]: 2 of 24 PASS accepted_values_stg_orders_status__placed__preparing__out_for_delivery__delivered  [[32mPASS[0m in 0.28s]
[0m16:26:57.541539 [debug] [Thread-3 (]: Finished running node test.grubgrid.dbt_utils_expression_is_true_dim_menu_items_price___0.b116c0c6c2
[0m16:26:57.543662 [debug] [Thread-1 (]: Finished running node test.grubgrid.accepted_values_stg_competitor_prices_alert_severity__low__medium__high__critical.b2d84941a4
[0m16:26:57.543662 [debug] [Thread-4 (]: Began running node test.grubgrid.dbt_utils_expression_is_true_stg_competitor_prices_competitor_price___0.7f62bf1ea4
[0m16:26:57.546441 [debug] [Thread-2 (]: Finished running node test.grubgrid.accepted_values_stg_orders_status__placed__preparing__out_for_delivery__delivered.32e139d0b7
[0m16:26:57.547496 [debug] [Thread-3 (]: Began running node test.grubgrid.dbt_utils_expression_is_true_stg_competitor_prices_our_price___0.6427632eb6
[0m16:26:57.549696 [debug] [Thread-1 (]: Began running node test.grubgrid.dbt_utils_expression_is_true_stg_orders_quantity___0.6ef4eb188e
[0m16:26:57.551877 [info ] [Thread-4 (]: 5 of 24 START test dbt_utils_expression_is_true_stg_competitor_prices_competitor_price___0  [RUN]
[0m16:26:57.553531 [debug] [Thread-2 (]: Began running node test.grubgrid.dbt_utils_expression_is_true_stg_orders_total_price___0.1d6bfba6b7
[0m16:26:57.556145 [info ] [Thread-3 (]: 6 of 24 START test dbt_utils_expression_is_true_stg_competitor_prices_our_price___0  [RUN]
[0m16:26:57.557161 [info ] [Thread-1 (]: 7 of 24 START test dbt_utils_expression_is_true_stg_orders_quantity___0 ........ [RUN]
[0m16:26:57.559159 [debug] [Thread-4 (]: Re-using an available connection from the pool (formerly test.grubgrid.dbt_utils_expression_is_true_fact_orders_total_price___0.addfa62626, now test.grubgrid.dbt_utils_expression_is_true_stg_competitor_prices_competitor_price___0.7f62bf1ea4)
[0m16:26:57.561123 [info ] [Thread-2 (]: 8 of 24 START test dbt_utils_expression_is_true_stg_orders_total_price___0 ..... [RUN]
[0m16:26:57.562707 [debug] [Thread-3 (]: Re-using an available connection from the pool (formerly test.grubgrid.dbt_utils_expression_is_true_dim_menu_items_price___0.b116c0c6c2, now test.grubgrid.dbt_utils_expression_is_true_stg_competitor_prices_our_price___0.6427632eb6)
[0m16:26:57.564838 [debug] [Thread-1 (]: Re-using an available connection from the pool (formerly test.grubgrid.accepted_values_stg_competitor_prices_alert_severity__low__medium__high__critical.b2d84941a4, now test.grubgrid.dbt_utils_expression_is_true_stg_orders_quantity___0.6ef4eb188e)
[0m16:26:57.566534 [debug] [Thread-4 (]: Began compiling node test.grubgrid.dbt_utils_expression_is_true_stg_competitor_prices_competitor_price___0.7f62bf1ea4
[0m16:26:57.568735 [debug] [Thread-2 (]: Re-using an available connection from the pool (formerly test.grubgrid.accepted_values_stg_orders_status__placed__preparing__out_for_delivery__delivered.32e139d0b7, now test.grubgrid.dbt_utils_expression_is_true_stg_orders_total_price___0.1d6bfba6b7)
[0m16:26:57.570721 [debug] [Thread-3 (]: Began compiling node test.grubgrid.dbt_utils_expression_is_true_stg_competitor_prices_our_price___0.6427632eb6
[0m16:26:57.572454 [debug] [Thread-1 (]: Began compiling node test.grubgrid.dbt_utils_expression_is_true_stg_orders_quantity___0.6ef4eb188e
[0m16:26:57.582404 [debug] [Thread-4 (]: Writing injected SQL for node "test.grubgrid.dbt_utils_expression_is_true_stg_competitor_prices_competitor_price___0.7f62bf1ea4"
[0m16:26:57.584389 [debug] [Thread-2 (]: Began compiling node test.grubgrid.dbt_utils_expression_is_true_stg_orders_total_price___0.1d6bfba6b7
[0m16:26:57.590583 [debug] [Thread-3 (]: Writing injected SQL for node "test.grubgrid.dbt_utils_expression_is_true_stg_competitor_prices_our_price___0.6427632eb6"
[0m16:26:57.600767 [debug] [Thread-1 (]: Writing injected SQL for node "test.grubgrid.dbt_utils_expression_is_true_stg_orders_quantity___0.6ef4eb188e"
[0m16:26:57.615661 [debug] [Thread-2 (]: Writing injected SQL for node "test.grubgrid.dbt_utils_expression_is_true_stg_orders_total_price___0.1d6bfba6b7"
[0m16:26:57.618002 [debug] [Thread-4 (]: Began executing node test.grubgrid.dbt_utils_expression_is_true_stg_competitor_prices_competitor_price___0.7f62bf1ea4
[0m16:26:57.620992 [debug] [Thread-3 (]: Began executing node test.grubgrid.dbt_utils_expression_is_true_stg_competitor_prices_our_price___0.6427632eb6
[0m16:26:57.623999 [debug] [Thread-1 (]: Began executing node test.grubgrid.dbt_utils_expression_is_true_stg_orders_quantity___0.6ef4eb188e
[0m16:26:57.629527 [debug] [Thread-4 (]: Writing runtime sql for node "test.grubgrid.dbt_utils_expression_is_true_stg_competitor_prices_competitor_price___0.7f62bf1ea4"
[0m16:26:57.638626 [debug] [Thread-3 (]: Writing runtime sql for node "test.grubgrid.dbt_utils_expression_is_true_stg_competitor_prices_our_price___0.6427632eb6"
[0m16:26:57.639714 [debug] [Thread-2 (]: Began executing node test.grubgrid.dbt_utils_expression_is_true_stg_orders_total_price___0.1d6bfba6b7
[0m16:26:57.646378 [debug] [Thread-1 (]: Writing runtime sql for node "test.grubgrid.dbt_utils_expression_is_true_stg_orders_quantity___0.6ef4eb188e"
[0m16:26:57.652011 [debug] [Thread-4 (]: Using postgres connection "test.grubgrid.dbt_utils_expression_is_true_stg_competitor_prices_competitor_price___0.7f62bf1ea4"
[0m16:26:57.657178 [debug] [Thread-2 (]: Writing runtime sql for node "test.grubgrid.dbt_utils_expression_is_true_stg_orders_total_price___0.1d6bfba6b7"
[0m16:26:57.659231 [debug] [Thread-3 (]: Using postgres connection "test.grubgrid.dbt_utils_expression_is_true_stg_competitor_prices_our_price___0.6427632eb6"
[0m16:26:57.661205 [debug] [Thread-4 (]: On test.grubgrid.dbt_utils_expression_is_true_stg_competitor_prices_competitor_price___0.7f62bf1ea4: /* {"app": "dbt", "dbt_version": "1.11.11", "profile_name": "grubgrid", "target_name": "dev", "node_id": "test.grubgrid.dbt_utils_expression_is_true_stg_competitor_prices_competitor_price___0.7f62bf1ea4"} */

    
    select
      count(*) as failures,
      count(*) != 0 as should_warn,
      count(*) != 0 as should_error
    from (
      
    
  



select
    1
from "grubgrid"."dbt_grubgrid_staging"."stg_competitor_prices"

where not(competitor_price > 0)


  
  
      
    ) dbt_internal_test
[0m16:26:57.662831 [debug] [Thread-1 (]: Using postgres connection "test.grubgrid.dbt_utils_expression_is_true_stg_orders_quantity___0.6ef4eb188e"
[0m16:26:57.663907 [debug] [Thread-3 (]: On test.grubgrid.dbt_utils_expression_is_true_stg_competitor_prices_our_price___0.6427632eb6: /* {"app": "dbt", "dbt_version": "1.11.11", "profile_name": "grubgrid", "target_name": "dev", "node_id": "test.grubgrid.dbt_utils_expression_is_true_stg_competitor_prices_our_price___0.6427632eb6"} */

    
    select
      count(*) as failures,
      count(*) != 0 as should_warn,
      count(*) != 0 as should_error
    from (
      
    
  



select
    1
from "grubgrid"."dbt_grubgrid_staging"."stg_competitor_prices"

where not(our_price > 0)


  
  
      
    ) dbt_internal_test
[0m16:26:57.666332 [debug] [Thread-2 (]: Using postgres connection "test.grubgrid.dbt_utils_expression_is_true_stg_orders_total_price___0.1d6bfba6b7"
[0m16:26:57.666990 [debug] [Thread-4 (]: Opening a new connection, currently in state closed
[0m16:26:57.669197 [debug] [Thread-1 (]: On test.grubgrid.dbt_utils_expression_is_true_stg_orders_quantity___0.6ef4eb188e: /* {"app": "dbt", "dbt_version": "1.11.11", "profile_name": "grubgrid", "target_name": "dev", "node_id": "test.grubgrid.dbt_utils_expression_is_true_stg_orders_quantity___0.6ef4eb188e"} */

    
    select
      count(*) as failures,
      count(*) != 0 as should_warn,
      count(*) != 0 as should_error
    from (
      
    
  



select
    1
from "grubgrid"."dbt_grubgrid_staging"."stg_orders"

where not(quantity > 0)


  
  
      
    ) dbt_internal_test
[0m16:26:57.670015 [debug] [Thread-3 (]: Opening a new connection, currently in state closed
[0m16:26:57.671293 [debug] [Thread-2 (]: On test.grubgrid.dbt_utils_expression_is_true_stg_orders_total_price___0.1d6bfba6b7: /* {"app": "dbt", "dbt_version": "1.11.11", "profile_name": "grubgrid", "target_name": "dev", "node_id": "test.grubgrid.dbt_utils_expression_is_true_stg_orders_total_price___0.1d6bfba6b7"} */

    
    select
      count(*) as failures,
      count(*) != 0 as should_warn,
      count(*) != 0 as should_error
    from (
      
    
  



select
    1
from "grubgrid"."dbt_grubgrid_staging"."stg_orders"

where not(total_price >= 0)


  
  
      
    ) dbt_internal_test
[0m16:26:57.674160 [debug] [Thread-1 (]: Opening a new connection, currently in state closed
[0m16:26:57.676157 [debug] [Thread-2 (]: Opening a new connection, currently in state closed
[0m16:26:57.706138 [debug] [Thread-4 (]: SQL status: SELECT 1 in 0.047 seconds
[0m16:26:57.718730 [debug] [Thread-4 (]: On test.grubgrid.dbt_utils_expression_is_true_stg_competitor_prices_competitor_price___0.7f62bf1ea4: ROLLBACK
[0m16:26:57.719662 [debug] [Thread-1 (]: SQL status: SELECT 1 in 0.046 seconds
[0m16:26:57.723727 [debug] [Thread-1 (]: On test.grubgrid.dbt_utils_expression_is_true_stg_orders_quantity___0.6ef4eb188e: ROLLBACK
[0m16:26:57.725676 [debug] [Thread-4 (]: On test.grubgrid.dbt_utils_expression_is_true_stg_competitor_prices_competitor_price___0.7f62bf1ea4: Close
[0m16:26:57.726660 [debug] [Thread-2 (]: SQL status: SELECT 1 in 0.050 seconds
[0m16:26:57.726660 [debug] [Thread-3 (]: SQL status: SELECT 1 in 0.057 seconds
[0m16:26:57.730037 [debug] [Thread-1 (]: On test.grubgrid.dbt_utils_expression_is_true_stg_orders_quantity___0.6ef4eb188e: Close
[0m16:26:57.730037 [info ] [Thread-4 (]: 5 of 24 PASS dbt_utils_expression_is_true_stg_competitor_prices_competitor_price___0  [[32mPASS[0m in 0.17s]
[0m16:26:57.734170 [debug] [Thread-2 (]: On test.grubgrid.dbt_utils_expression_is_true_stg_orders_total_price___0.1d6bfba6b7: ROLLBACK
[0m16:26:57.737982 [debug] [Thread-3 (]: On test.grubgrid.dbt_utils_expression_is_true_stg_competitor_prices_our_price___0.6427632eb6: ROLLBACK
[0m16:26:57.739914 [info ] [Thread-1 (]: 7 of 24 PASS dbt_utils_expression_is_true_stg_orders_quantity___0 .............. [[32mPASS[0m in 0.18s]
[0m16:26:57.741930 [debug] [Thread-4 (]: Finished running node test.grubgrid.dbt_utils_expression_is_true_stg_competitor_prices_competitor_price___0.7f62bf1ea4
[0m16:26:57.745264 [debug] [Thread-1 (]: Finished running node test.grubgrid.dbt_utils_expression_is_true_stg_orders_quantity___0.6ef4eb188e
[0m16:26:57.746222 [debug] [Thread-2 (]: On test.grubgrid.dbt_utils_expression_is_true_stg_orders_total_price___0.1d6bfba6b7: Close
[0m16:26:57.747165 [debug] [Thread-3 (]: On test.grubgrid.dbt_utils_expression_is_true_stg_competitor_prices_our_price___0.6427632eb6: Close
[0m16:26:57.748222 [debug] [Thread-4 (]: Began running node test.grubgrid.not_null_dim_menu_items_item_sk.34e6e9cde4
[0m16:26:57.749617 [debug] [Thread-1 (]: Began running node test.grubgrid.not_null_dim_restaurants_restaurant_id.2e7e73f873
[0m16:26:57.751692 [info ] [Thread-2 (]: 8 of 24 PASS dbt_utils_expression_is_true_stg_orders_total_price___0 ........... [[32mPASS[0m in 0.18s]
[0m16:26:57.755451 [info ] [Thread-3 (]: 6 of 24 PASS dbt_utils_expression_is_true_stg_competitor_prices_our_price___0 .. [[32mPASS[0m in 0.19s]
[0m16:26:57.756098 [info ] [Thread-4 (]: 9 of 24 START test not_null_dim_menu_items_item_sk ............................. [RUN]
[0m16:26:57.756098 [info ] [Thread-1 (]: 10 of 24 START test not_null_dim_restaurants_restaurant_id ..................... [RUN]
[0m16:26:57.762021 [debug] [Thread-2 (]: Finished running node test.grubgrid.dbt_utils_expression_is_true_stg_orders_total_price___0.1d6bfba6b7
[0m16:26:57.764007 [debug] [Thread-3 (]: Finished running node test.grubgrid.dbt_utils_expression_is_true_stg_competitor_prices_our_price___0.6427632eb6
[0m16:26:57.765948 [debug] [Thread-4 (]: Re-using an available connection from the pool (formerly test.grubgrid.dbt_utils_expression_is_true_stg_competitor_prices_competitor_price___0.7f62bf1ea4, now test.grubgrid.not_null_dim_menu_items_item_sk.34e6e9cde4)
[0m16:26:57.767968 [debug] [Thread-1 (]: Re-using an available connection from the pool (formerly test.grubgrid.dbt_utils_expression_is_true_stg_orders_quantity___0.6ef4eb188e, now test.grubgrid.not_null_dim_restaurants_restaurant_id.2e7e73f873)
[0m16:26:57.768967 [debug] [Thread-2 (]: Began running node test.grubgrid.not_null_dim_restaurants_restaurant_sk.657514069c
[0m16:26:57.770950 [debug] [Thread-3 (]: Began running node test.grubgrid.not_null_fact_competitor_prices_price_record_id.91f095ac3d
[0m16:26:57.772005 [debug] [Thread-4 (]: Began compiling node test.grubgrid.not_null_dim_menu_items_item_sk.34e6e9cde4
[0m16:26:57.774192 [debug] [Thread-1 (]: Began compiling node test.grubgrid.not_null_dim_restaurants_restaurant_id.2e7e73f873
[0m16:26:57.776644 [info ] [Thread-2 (]: 11 of 24 START test not_null_dim_restaurants_restaurant_sk ..................... [RUN]
[0m16:26:57.777735 [info ] [Thread-3 (]: 12 of 24 START test not_null_fact_competitor_prices_price_record_id ............ [RUN]
[0m16:26:57.797722 [debug] [Thread-4 (]: Writing injected SQL for node "test.grubgrid.not_null_dim_menu_items_item_sk.34e6e9cde4"
[0m16:26:57.806835 [debug] [Thread-1 (]: Writing injected SQL for node "test.grubgrid.not_null_dim_restaurants_restaurant_id.2e7e73f873"
[0m16:26:57.806835 [debug] [Thread-2 (]: Re-using an available connection from the pool (formerly test.grubgrid.dbt_utils_expression_is_true_stg_orders_total_price___0.1d6bfba6b7, now test.grubgrid.not_null_dim_restaurants_restaurant_sk.657514069c)
[0m16:26:57.806835 [debug] [Thread-3 (]: Re-using an available connection from the pool (formerly test.grubgrid.dbt_utils_expression_is_true_stg_competitor_prices_our_price___0.6427632eb6, now test.grubgrid.not_null_fact_competitor_prices_price_record_id.91f095ac3d)
[0m16:26:57.806835 [debug] [Thread-2 (]: Began compiling node test.grubgrid.not_null_dim_restaurants_restaurant_sk.657514069c
[0m16:26:57.815715 [debug] [Thread-4 (]: Began executing node test.grubgrid.not_null_dim_menu_items_item_sk.34e6e9cde4
[0m16:26:57.817796 [debug] [Thread-3 (]: Began compiling node test.grubgrid.not_null_fact_competitor_prices_price_record_id.91f095ac3d
[0m16:26:57.818794 [debug] [Thread-1 (]: Began executing node test.grubgrid.not_null_dim_restaurants_restaurant_id.2e7e73f873
[0m16:26:57.818794 [debug] [Thread-2 (]: Writing injected SQL for node "test.grubgrid.not_null_dim_restaurants_restaurant_sk.657514069c"
[0m16:26:57.835094 [debug] [Thread-4 (]: Writing runtime sql for node "test.grubgrid.not_null_dim_menu_items_item_sk.34e6e9cde4"
[0m16:26:57.843423 [debug] [Thread-3 (]: Writing injected SQL for node "test.grubgrid.not_null_fact_competitor_prices_price_record_id.91f095ac3d"
[0m16:26:57.849370 [debug] [Thread-1 (]: Writing runtime sql for node "test.grubgrid.not_null_dim_restaurants_restaurant_id.2e7e73f873"
[0m16:26:57.853260 [debug] [Thread-4 (]: Using postgres connection "test.grubgrid.not_null_dim_menu_items_item_sk.34e6e9cde4"
[0m16:26:57.855943 [debug] [Thread-2 (]: Began executing node test.grubgrid.not_null_dim_restaurants_restaurant_sk.657514069c
[0m16:26:57.856937 [debug] [Thread-3 (]: Began executing node test.grubgrid.not_null_fact_competitor_prices_price_record_id.91f095ac3d
[0m16:26:57.857951 [debug] [Thread-1 (]: Using postgres connection "test.grubgrid.not_null_dim_restaurants_restaurant_id.2e7e73f873"
[0m16:26:57.858981 [debug] [Thread-4 (]: On test.grubgrid.not_null_dim_menu_items_item_sk.34e6e9cde4: /* {"app": "dbt", "dbt_version": "1.11.11", "profile_name": "grubgrid", "target_name": "dev", "node_id": "test.grubgrid.not_null_dim_menu_items_item_sk.34e6e9cde4"} */

    
    select
      count(*) as failures,
      count(*) != 0 as should_warn,
      count(*) != 0 as should_error
    from (
      
    
  
    
    



select item_sk
from "grubgrid"."dbt_grubgrid_marts"."dim_menu_items"
where item_sk is null



  
  
      
    ) dbt_internal_test
[0m16:26:57.864965 [debug] [Thread-2 (]: Writing runtime sql for node "test.grubgrid.not_null_dim_restaurants_restaurant_sk.657514069c"
[0m16:26:57.871653 [debug] [Thread-3 (]: Writing runtime sql for node "test.grubgrid.not_null_fact_competitor_prices_price_record_id.91f095ac3d"
[0m16:26:57.872657 [debug] [Thread-1 (]: On test.grubgrid.not_null_dim_restaurants_restaurant_id.2e7e73f873: /* {"app": "dbt", "dbt_version": "1.11.11", "profile_name": "grubgrid", "target_name": "dev", "node_id": "test.grubgrid.not_null_dim_restaurants_restaurant_id.2e7e73f873"} */

    
    select
      count(*) as failures,
      count(*) != 0 as should_warn,
      count(*) != 0 as should_error
    from (
      
    
  
    
    



select restaurant_id
from "grubgrid"."dbt_grubgrid_marts"."dim_restaurants"
where restaurant_id is null



  
  
      
    ) dbt_internal_test
[0m16:26:57.874639 [debug] [Thread-4 (]: Opening a new connection, currently in state closed
[0m16:26:57.877193 [debug] [Thread-1 (]: Opening a new connection, currently in state closed
[0m16:26:57.878286 [debug] [Thread-2 (]: Using postgres connection "test.grubgrid.not_null_dim_restaurants_restaurant_sk.657514069c"
[0m16:26:57.880281 [debug] [Thread-3 (]: Using postgres connection "test.grubgrid.not_null_fact_competitor_prices_price_record_id.91f095ac3d"
[0m16:26:57.882837 [debug] [Thread-2 (]: On test.grubgrid.not_null_dim_restaurants_restaurant_sk.657514069c: /* {"app": "dbt", "dbt_version": "1.11.11", "profile_name": "grubgrid", "target_name": "dev", "node_id": "test.grubgrid.not_null_dim_restaurants_restaurant_sk.657514069c"} */

    
    select
      count(*) as failures,
      count(*) != 0 as should_warn,
      count(*) != 0 as should_error
    from (
      
    
  
    
    



select restaurant_sk
from "grubgrid"."dbt_grubgrid_marts"."dim_restaurants"
where restaurant_sk is null



  
  
      
    ) dbt_internal_test
[0m16:26:57.883920 [debug] [Thread-3 (]: On test.grubgrid.not_null_fact_competitor_prices_price_record_id.91f095ac3d: /* {"app": "dbt", "dbt_version": "1.11.11", "profile_name": "grubgrid", "target_name": "dev", "node_id": "test.grubgrid.not_null_fact_competitor_prices_price_record_id.91f095ac3d"} */

    
    select
      count(*) as failures,
      count(*) != 0 as should_warn,
      count(*) != 0 as should_error
    from (
      
    
  
    
    



select price_record_id
from "grubgrid"."dbt_grubgrid_marts"."fact_competitor_prices"
where price_record_id is null



  
  
      
    ) dbt_internal_test
[0m16:26:57.885922 [debug] [Thread-2 (]: Opening a new connection, currently in state closed
[0m16:26:57.887912 [debug] [Thread-3 (]: Opening a new connection, currently in state closed
[0m16:26:57.899516 [debug] [Thread-1 (]: SQL status: SELECT 1 in 0.034 seconds
[0m16:26:57.915342 [debug] [Thread-1 (]: On test.grubgrid.not_null_dim_restaurants_restaurant_id.2e7e73f873: ROLLBACK
[0m16:26:57.916153 [debug] [Thread-1 (]: On test.grubgrid.not_null_dim_restaurants_restaurant_id.2e7e73f873: Close
[0m16:26:57.916153 [info ] [Thread-1 (]: 10 of 24 PASS not_null_dim_restaurants_restaurant_id ........................... [[32mPASS[0m in 0.15s]
[0m16:26:57.916153 [debug] [Thread-1 (]: Finished running node test.grubgrid.not_null_dim_restaurants_restaurant_id.2e7e73f873
[0m16:26:57.916153 [debug] [Thread-4 (]: SQL status: SELECT 1 in 0.051 seconds
[0m16:26:57.925797 [debug] [Thread-3 (]: SQL status: SELECT 1 in 0.039 seconds
[0m16:26:57.925797 [debug] [Thread-1 (]: Began running node test.grubgrid.not_null_fact_orders_order_id.6ba6d3f0a0
[0m16:26:57.931015 [debug] [Thread-4 (]: On test.grubgrid.not_null_dim_menu_items_item_sk.34e6e9cde4: ROLLBACK
[0m16:26:57.936186 [debug] [Thread-3 (]: On test.grubgrid.not_null_fact_competitor_prices_price_record_id.91f095ac3d: ROLLBACK
[0m16:26:57.937850 [info ] [Thread-1 (]: 13 of 24 START test not_null_fact_orders_order_id .............................. [RUN]
[0m16:26:57.937850 [debug] [Thread-2 (]: SQL status: SELECT 1 in 0.057 seconds
[0m16:26:57.945293 [debug] [Thread-1 (]: Re-using an available connection from the pool (formerly test.grubgrid.not_null_dim_restaurants_restaurant_id.2e7e73f873, now test.grubgrid.not_null_fact_orders_order_id.6ba6d3f0a0)
[0m16:26:57.945293 [debug] [Thread-3 (]: On test.grubgrid.not_null_fact_competitor_prices_price_record_id.91f095ac3d: Close
[0m16:26:57.945293 [debug] [Thread-4 (]: On test.grubgrid.not_null_dim_menu_items_item_sk.34e6e9cde4: Close
[0m16:26:57.950596 [debug] [Thread-2 (]: On test.grubgrid.not_null_dim_restaurants_restaurant_sk.657514069c: ROLLBACK
[0m16:26:57.952106 [debug] [Thread-1 (]: Began compiling node test.grubgrid.not_null_fact_orders_order_id.6ba6d3f0a0
[0m16:26:57.954239 [info ] [Thread-3 (]: 12 of 24 PASS not_null_fact_competitor_prices_price_record_id .................. [[32mPASS[0m in 0.15s]
[0m16:26:57.957326 [info ] [Thread-4 (]: 9 of 24 PASS not_null_dim_menu_items_item_sk ................................... [[32mPASS[0m in 0.19s]
[0m16:26:57.967931 [debug] [Thread-2 (]: On test.grubgrid.not_null_dim_restaurants_restaurant_sk.657514069c: Close
[0m16:26:57.969932 [debug] [Thread-1 (]: Writing injected SQL for node "test.grubgrid.not_null_fact_orders_order_id.6ba6d3f0a0"
[0m16:26:57.971924 [debug] [Thread-3 (]: Finished running node test.grubgrid.not_null_fact_competitor_prices_price_record_id.91f095ac3d
[0m16:26:57.974213 [debug] [Thread-4 (]: Finished running node test.grubgrid.not_null_dim_menu_items_item_sk.34e6e9cde4
[0m16:26:57.976437 [info ] [Thread-2 (]: 11 of 24 PASS not_null_dim_restaurants_restaurant_sk ........................... [[32mPASS[0m in 0.17s]
[0m16:26:57.979079 [debug] [Thread-3 (]: Began running node test.grubgrid.not_null_stg_competitor_prices_price_record_id.3d324f448c
[0m16:26:57.979079 [debug] [Thread-4 (]: Began running node test.grubgrid.not_null_stg_orders_order_id.81cfe2fe64
[0m16:26:57.982601 [debug] [Thread-1 (]: Began executing node test.grubgrid.not_null_fact_orders_order_id.6ba6d3f0a0
[0m16:26:57.984687 [debug] [Thread-2 (]: Finished running node test.grubgrid.not_null_dim_restaurants_restaurant_sk.657514069c
[0m16:26:57.986670 [info ] [Thread-3 (]: 14 of 24 START test not_null_stg_competitor_prices_price_record_id ............. [RUN]
[0m16:26:57.988683 [info ] [Thread-4 (]: 15 of 24 START test not_null_stg_orders_order_id ............................... [RUN]
[0m16:26:57.999142 [debug] [Thread-1 (]: Writing runtime sql for node "test.grubgrid.not_null_fact_orders_order_id.6ba6d3f0a0"
[0m16:26:58.001272 [debug] [Thread-2 (]: Began running node test.grubgrid.not_null_stg_orders_quantity.994494da59
[0m16:26:58.002222 [debug] [Thread-3 (]: Re-using an available connection from the pool (formerly test.grubgrid.not_null_fact_competitor_prices_price_record_id.91f095ac3d, now test.grubgrid.not_null_stg_competitor_prices_price_record_id.3d324f448c)
[0m16:26:58.004580 [debug] [Thread-4 (]: Re-using an available connection from the pool (formerly test.grubgrid.not_null_dim_menu_items_item_sk.34e6e9cde4, now test.grubgrid.not_null_stg_orders_order_id.81cfe2fe64)
[0m16:26:58.007433 [info ] [Thread-2 (]: 16 of 24 START test not_null_stg_orders_quantity ............................... [RUN]
[0m16:26:58.009619 [debug] [Thread-1 (]: Using postgres connection "test.grubgrid.not_null_fact_orders_order_id.6ba6d3f0a0"
[0m16:26:58.010116 [debug] [Thread-3 (]: Began compiling node test.grubgrid.not_null_stg_competitor_prices_price_record_id.3d324f448c
[0m16:26:58.010116 [debug] [Thread-4 (]: Began compiling node test.grubgrid.not_null_stg_orders_order_id.81cfe2fe64
[0m16:26:58.010116 [debug] [Thread-2 (]: Re-using an available connection from the pool (formerly test.grubgrid.not_null_dim_restaurants_restaurant_sk.657514069c, now test.grubgrid.not_null_stg_orders_quantity.994494da59)
[0m16:26:58.016766 [debug] [Thread-1 (]: On test.grubgrid.not_null_fact_orders_order_id.6ba6d3f0a0: /* {"app": "dbt", "dbt_version": "1.11.11", "profile_name": "grubgrid", "target_name": "dev", "node_id": "test.grubgrid.not_null_fact_orders_order_id.6ba6d3f0a0"} */

    
    select
      count(*) as failures,
      count(*) != 0 as should_warn,
      count(*) != 0 as should_error
    from (
      
    
  
    
    



select order_id
from "grubgrid"."dbt_grubgrid_marts"."fact_orders"
where order_id is null



  
  
      
    ) dbt_internal_test
[0m16:26:58.027182 [debug] [Thread-3 (]: Writing injected SQL for node "test.grubgrid.not_null_stg_competitor_prices_price_record_id.3d324f448c"
[0m16:26:58.037231 [debug] [Thread-4 (]: Writing injected SQL for node "test.grubgrid.not_null_stg_orders_order_id.81cfe2fe64"
[0m16:26:58.038815 [debug] [Thread-2 (]: Began compiling node test.grubgrid.not_null_stg_orders_quantity.994494da59
[0m16:26:58.039183 [debug] [Thread-1 (]: Opening a new connection, currently in state closed
[0m16:26:58.052298 [debug] [Thread-2 (]: Writing injected SQL for node "test.grubgrid.not_null_stg_orders_quantity.994494da59"
[0m16:26:58.054911 [debug] [Thread-3 (]: Began executing node test.grubgrid.not_null_stg_competitor_prices_price_record_id.3d324f448c
[0m16:26:58.056883 [debug] [Thread-4 (]: Began executing node test.grubgrid.not_null_stg_orders_order_id.81cfe2fe64
[0m16:26:58.059641 [debug] [Thread-3 (]: Writing runtime sql for node "test.grubgrid.not_null_stg_competitor_prices_price_record_id.3d324f448c"
[0m16:26:58.065796 [debug] [Thread-2 (]: Began executing node test.grubgrid.not_null_stg_orders_quantity.994494da59
[0m16:26:58.072567 [debug] [Thread-4 (]: Writing runtime sql for node "test.grubgrid.not_null_stg_orders_order_id.81cfe2fe64"
[0m16:26:58.078552 [debug] [Thread-2 (]: Writing runtime sql for node "test.grubgrid.not_null_stg_orders_quantity.994494da59"
[0m16:26:58.080712 [debug] [Thread-3 (]: Using postgres connection "test.grubgrid.not_null_stg_competitor_prices_price_record_id.3d324f448c"
[0m16:26:58.083646 [debug] [Thread-3 (]: On test.grubgrid.not_null_stg_competitor_prices_price_record_id.3d324f448c: /* {"app": "dbt", "dbt_version": "1.11.11", "profile_name": "grubgrid", "target_name": "dev", "node_id": "test.grubgrid.not_null_stg_competitor_prices_price_record_id.3d324f448c"} */

    
    select
      count(*) as failures,
      count(*) != 0 as should_warn,
      count(*) != 0 as should_error
    from (
      
    
  
    
    



select price_record_id
from "grubgrid"."dbt_grubgrid_staging"."stg_competitor_prices"
where price_record_id is null



  
  
      
    ) dbt_internal_test
[0m16:26:58.085667 [debug] [Thread-4 (]: Using postgres connection "test.grubgrid.not_null_stg_orders_order_id.81cfe2fe64"
[0m16:26:58.087243 [debug] [Thread-3 (]: Opening a new connection, currently in state closed
[0m16:26:58.088272 [debug] [Thread-2 (]: Using postgres connection "test.grubgrid.not_null_stg_orders_quantity.994494da59"
[0m16:26:58.089269 [debug] [Thread-4 (]: On test.grubgrid.not_null_stg_orders_order_id.81cfe2fe64: /* {"app": "dbt", "dbt_version": "1.11.11", "profile_name": "grubgrid", "target_name": "dev", "node_id": "test.grubgrid.not_null_stg_orders_order_id.81cfe2fe64"} */

    
    select
      count(*) as failures,
      count(*) != 0 as should_warn,
      count(*) != 0 as should_error
    from (
      
    
  
    
    



select order_id
from "grubgrid"."dbt_grubgrid_staging"."stg_orders"
where order_id is null



  
  
      
    ) dbt_internal_test
[0m16:26:58.091886 [debug] [Thread-2 (]: On test.grubgrid.not_null_stg_orders_quantity.994494da59: /* {"app": "dbt", "dbt_version": "1.11.11", "profile_name": "grubgrid", "target_name": "dev", "node_id": "test.grubgrid.not_null_stg_orders_quantity.994494da59"} */

    
    select
      count(*) as failures,
      count(*) != 0 as should_warn,
      count(*) != 0 as should_error
    from (
      
    
  
    
    



select quantity
from "grubgrid"."dbt_grubgrid_staging"."stg_orders"
where quantity is null



  
  
      
    ) dbt_internal_test
[0m16:26:58.092875 [debug] [Thread-1 (]: SQL status: SELECT 1 in 0.053 seconds
[0m16:26:58.093871 [debug] [Thread-4 (]: Opening a new connection, currently in state closed
[0m16:26:58.095882 [debug] [Thread-2 (]: Opening a new connection, currently in state closed
[0m16:26:58.099204 [debug] [Thread-1 (]: On test.grubgrid.not_null_fact_orders_order_id.6ba6d3f0a0: ROLLBACK
[0m16:26:58.104512 [debug] [Thread-1 (]: On test.grubgrid.not_null_fact_orders_order_id.6ba6d3f0a0: Close
[0m16:26:58.106028 [info ] [Thread-1 (]: 13 of 24 PASS not_null_fact_orders_order_id .................................... [[32mPASS[0m in 0.16s]
[0m16:26:58.109322 [debug] [Thread-1 (]: Finished running node test.grubgrid.not_null_fact_orders_order_id.6ba6d3f0a0
[0m16:26:58.111305 [debug] [Thread-1 (]: Began running node test.grubgrid.not_null_stg_orders_total_price.cdb764cd1b
[0m16:26:58.112356 [info ] [Thread-1 (]: 17 of 24 START test not_null_stg_orders_total_price ............................ [RUN]
[0m16:26:58.115050 [debug] [Thread-1 (]: Re-using an available connection from the pool (formerly test.grubgrid.not_null_fact_orders_order_id.6ba6d3f0a0, now test.grubgrid.not_null_stg_orders_total_price.cdb764cd1b)
[0m16:26:58.117215 [debug] [Thread-1 (]: Began compiling node test.grubgrid.not_null_stg_orders_total_price.cdb764cd1b
[0m16:26:58.129288 [debug] [Thread-1 (]: Writing injected SQL for node "test.grubgrid.not_null_stg_orders_total_price.cdb764cd1b"
[0m16:26:58.132947 [debug] [Thread-1 (]: Began executing node test.grubgrid.not_null_stg_orders_total_price.cdb764cd1b
[0m16:26:58.136979 [debug] [Thread-1 (]: Writing runtime sql for node "test.grubgrid.not_null_stg_orders_total_price.cdb764cd1b"
[0m16:26:58.142375 [debug] [Thread-4 (]: SQL status: SELECT 1 in 0.048 seconds
[0m16:26:58.143614 [debug] [Thread-3 (]: SQL status: SELECT 1 in 0.056 seconds
[0m16:26:58.143614 [debug] [Thread-2 (]: SQL status: SELECT 1 in 0.049 seconds
[0m16:26:58.148330 [debug] [Thread-4 (]: On test.grubgrid.not_null_stg_orders_order_id.81cfe2fe64: ROLLBACK
[0m16:26:58.151611 [debug] [Thread-3 (]: On test.grubgrid.not_null_stg_competitor_prices_price_record_id.3d324f448c: ROLLBACK
[0m16:26:58.151611 [debug] [Thread-1 (]: Using postgres connection "test.grubgrid.not_null_stg_orders_total_price.cdb764cd1b"
[0m16:26:58.151611 [debug] [Thread-2 (]: On test.grubgrid.not_null_stg_orders_quantity.994494da59: ROLLBACK
[0m16:26:58.159464 [debug] [Thread-1 (]: On test.grubgrid.not_null_stg_orders_total_price.cdb764cd1b: /* {"app": "dbt", "dbt_version": "1.11.11", "profile_name": "grubgrid", "target_name": "dev", "node_id": "test.grubgrid.not_null_stg_orders_total_price.cdb764cd1b"} */

    
    select
      count(*) as failures,
      count(*) != 0 as should_warn,
      count(*) != 0 as should_error
    from (
      
    
  
    
    



select total_price
from "grubgrid"."dbt_grubgrid_staging"."stg_orders"
where total_price is null



  
  
      
    ) dbt_internal_test
[0m16:26:58.161076 [debug] [Thread-4 (]: On test.grubgrid.not_null_stg_orders_order_id.81cfe2fe64: Close
[0m16:26:58.161076 [debug] [Thread-3 (]: On test.grubgrid.not_null_stg_competitor_prices_price_record_id.3d324f448c: Close
[0m16:26:58.161076 [debug] [Thread-1 (]: Opening a new connection, currently in state closed
[0m16:26:58.165274 [debug] [Thread-2 (]: On test.grubgrid.not_null_stg_orders_quantity.994494da59: Close
[0m16:26:58.166703 [info ] [Thread-4 (]: 15 of 24 PASS not_null_stg_orders_order_id ..................................... [[32mPASS[0m in 0.16s]
[0m16:26:58.170951 [info ] [Thread-3 (]: 14 of 24 PASS not_null_stg_competitor_prices_price_record_id ................... [[32mPASS[0m in 0.16s]
[0m16:26:58.176386 [info ] [Thread-2 (]: 16 of 24 PASS not_null_stg_orders_quantity ..................................... [[32mPASS[0m in 0.16s]
[0m16:26:58.179470 [debug] [Thread-4 (]: Finished running node test.grubgrid.not_null_stg_orders_order_id.81cfe2fe64
[0m16:26:58.182060 [debug] [Thread-3 (]: Finished running node test.grubgrid.not_null_stg_competitor_prices_price_record_id.3d324f448c
[0m16:26:58.184785 [debug] [Thread-2 (]: Finished running node test.grubgrid.not_null_stg_orders_quantity.994494da59
[0m16:26:58.186781 [debug] [Thread-4 (]: Began running node test.grubgrid.unique_dim_menu_items_item_sk.783d7e01b4
[0m16:26:58.188390 [debug] [Thread-3 (]: Began running node test.grubgrid.unique_dim_restaurants_restaurant_id.3bd3ca0fc9
[0m16:26:58.190284 [debug] [Thread-2 (]: Began running node test.grubgrid.unique_dim_restaurants_restaurant_sk.c05f2eb9a8
[0m16:26:58.191819 [info ] [Thread-4 (]: 18 of 24 START test unique_dim_menu_items_item_sk .............................. [RUN]
[0m16:26:58.193823 [info ] [Thread-3 (]: 19 of 24 START test unique_dim_restaurants_restaurant_id ....................... [RUN]
[0m16:26:58.194850 [info ] [Thread-2 (]: 20 of 24 START test unique_dim_restaurants_restaurant_sk ....................... [RUN]
[0m16:26:58.197780 [debug] [Thread-4 (]: Re-using an available connection from the pool (formerly test.grubgrid.not_null_stg_orders_order_id.81cfe2fe64, now test.grubgrid.unique_dim_menu_items_item_sk.783d7e01b4)
[0m16:26:58.198835 [debug] [Thread-3 (]: Re-using an available connection from the pool (formerly test.grubgrid.not_null_stg_competitor_prices_price_record_id.3d324f448c, now test.grubgrid.unique_dim_restaurants_restaurant_id.3bd3ca0fc9)
[0m16:26:58.201105 [debug] [Thread-2 (]: Re-using an available connection from the pool (formerly test.grubgrid.not_null_stg_orders_quantity.994494da59, now test.grubgrid.unique_dim_restaurants_restaurant_sk.c05f2eb9a8)
[0m16:26:58.202157 [debug] [Thread-4 (]: Began compiling node test.grubgrid.unique_dim_menu_items_item_sk.783d7e01b4
[0m16:26:58.204152 [debug] [Thread-3 (]: Began compiling node test.grubgrid.unique_dim_restaurants_restaurant_id.3bd3ca0fc9
[0m16:26:58.205137 [debug] [Thread-2 (]: Began compiling node test.grubgrid.unique_dim_restaurants_restaurant_sk.c05f2eb9a8
[0m16:26:58.222834 [debug] [Thread-4 (]: Writing injected SQL for node "test.grubgrid.unique_dim_menu_items_item_sk.783d7e01b4"
[0m16:26:58.234589 [debug] [Thread-3 (]: Writing injected SQL for node "test.grubgrid.unique_dim_restaurants_restaurant_id.3bd3ca0fc9"
[0m16:26:58.234589 [debug] [Thread-1 (]: SQL status: SELECT 1 in 0.073 seconds
[0m16:26:58.244207 [debug] [Thread-2 (]: Writing injected SQL for node "test.grubgrid.unique_dim_restaurants_restaurant_sk.c05f2eb9a8"
[0m16:26:58.251571 [debug] [Thread-1 (]: On test.grubgrid.not_null_stg_orders_total_price.cdb764cd1b: ROLLBACK
[0m16:26:58.253502 [debug] [Thread-4 (]: Began executing node test.grubgrid.unique_dim_menu_items_item_sk.783d7e01b4
[0m16:26:58.253502 [debug] [Thread-3 (]: Began executing node test.grubgrid.unique_dim_restaurants_restaurant_id.3bd3ca0fc9
[0m16:26:58.256169 [debug] [Thread-2 (]: Began executing node test.grubgrid.unique_dim_restaurants_restaurant_sk.c05f2eb9a8
[0m16:26:58.257195 [debug] [Thread-1 (]: On test.grubgrid.not_null_stg_orders_total_price.cdb764cd1b: Close
[0m16:26:58.262201 [debug] [Thread-4 (]: Writing runtime sql for node "test.grubgrid.unique_dim_menu_items_item_sk.783d7e01b4"
[0m16:26:58.268387 [debug] [Thread-3 (]: Writing runtime sql for node "test.grubgrid.unique_dim_restaurants_restaurant_id.3bd3ca0fc9"
[0m16:26:58.275388 [debug] [Thread-2 (]: Writing runtime sql for node "test.grubgrid.unique_dim_restaurants_restaurant_sk.c05f2eb9a8"
[0m16:26:58.276972 [info ] [Thread-1 (]: 17 of 24 PASS not_null_stg_orders_total_price .................................. [[32mPASS[0m in 0.16s]
[0m16:26:58.280053 [debug] [Thread-4 (]: Using postgres connection "test.grubgrid.unique_dim_menu_items_item_sk.783d7e01b4"
[0m16:26:58.282042 [debug] [Thread-3 (]: Using postgres connection "test.grubgrid.unique_dim_restaurants_restaurant_id.3bd3ca0fc9"
[0m16:26:58.282042 [debug] [Thread-1 (]: Finished running node test.grubgrid.not_null_stg_orders_total_price.cdb764cd1b
[0m16:26:58.282042 [debug] [Thread-2 (]: Using postgres connection "test.grubgrid.unique_dim_restaurants_restaurant_sk.c05f2eb9a8"
[0m16:26:58.282042 [debug] [Thread-4 (]: On test.grubgrid.unique_dim_menu_items_item_sk.783d7e01b4: /* {"app": "dbt", "dbt_version": "1.11.11", "profile_name": "grubgrid", "target_name": "dev", "node_id": "test.grubgrid.unique_dim_menu_items_item_sk.783d7e01b4"} */

    
    select
      count(*) as failures,
      count(*) != 0 as should_warn,
      count(*) != 0 as should_error
    from (
      
    
  
    
    

select
    item_sk as unique_field,
    count(*) as n_records

from "grubgrid"."dbt_grubgrid_marts"."dim_menu_items"
where item_sk is not null
group by item_sk
having count(*) > 1



  
  
      
    ) dbt_internal_test
[0m16:26:58.282042 [debug] [Thread-3 (]: On test.grubgrid.unique_dim_restaurants_restaurant_id.3bd3ca0fc9: /* {"app": "dbt", "dbt_version": "1.11.11", "profile_name": "grubgrid", "target_name": "dev", "node_id": "test.grubgrid.unique_dim_restaurants_restaurant_id.3bd3ca0fc9"} */

    
    select
      count(*) as failures,
      count(*) != 0 as should_warn,
      count(*) != 0 as should_error
    from (
      
    
  
    
    

select
    restaurant_id as unique_field,
    count(*) as n_records

from "grubgrid"."dbt_grubgrid_marts"."dim_restaurants"
where restaurant_id is not null
group by restaurant_id
having count(*) > 1



  
  
      
    ) dbt_internal_test
[0m16:26:58.282042 [debug] [Thread-1 (]: Began running node test.grubgrid.unique_fact_competitor_prices_price_record_id.f9553e21e0
[0m16:26:58.291447 [debug] [Thread-2 (]: On test.grubgrid.unique_dim_restaurants_restaurant_sk.c05f2eb9a8: /* {"app": "dbt", "dbt_version": "1.11.11", "profile_name": "grubgrid", "target_name": "dev", "node_id": "test.grubgrid.unique_dim_restaurants_restaurant_sk.c05f2eb9a8"} */

    
    select
      count(*) as failures,
      count(*) != 0 as should_warn,
      count(*) != 0 as should_error
    from (
      
    
  
    
    

select
    restaurant_sk as unique_field,
    count(*) as n_records

from "grubgrid"."dbt_grubgrid_marts"."dim_restaurants"
where restaurant_sk is not null
group by restaurant_sk
having count(*) > 1



  
  
      
    ) dbt_internal_test
[0m16:26:58.291447 [debug] [Thread-4 (]: Opening a new connection, currently in state closed
[0m16:26:58.291447 [debug] [Thread-3 (]: Opening a new connection, currently in state closed
[0m16:26:58.291447 [info ] [Thread-1 (]: 21 of 24 START test unique_fact_competitor_prices_price_record_id .............. [RUN]
[0m16:26:58.296433 [debug] [Thread-2 (]: Opening a new connection, currently in state closed
[0m16:26:58.300971 [debug] [Thread-1 (]: Re-using an available connection from the pool (formerly test.grubgrid.not_null_stg_orders_total_price.cdb764cd1b, now test.grubgrid.unique_fact_competitor_prices_price_record_id.f9553e21e0)
[0m16:26:58.304971 [debug] [Thread-1 (]: Began compiling node test.grubgrid.unique_fact_competitor_prices_price_record_id.f9553e21e0
[0m16:26:58.321878 [debug] [Thread-1 (]: Writing injected SQL for node "test.grubgrid.unique_fact_competitor_prices_price_record_id.f9553e21e0"
[0m16:26:58.326904 [debug] [Thread-1 (]: Began executing node test.grubgrid.unique_fact_competitor_prices_price_record_id.f9553e21e0
[0m16:26:58.336519 [debug] [Thread-1 (]: Writing runtime sql for node "test.grubgrid.unique_fact_competitor_prices_price_record_id.f9553e21e0"
[0m16:26:58.336519 [debug] [Thread-1 (]: Using postgres connection "test.grubgrid.unique_fact_competitor_prices_price_record_id.f9553e21e0"
[0m16:26:58.336519 [debug] [Thread-1 (]: On test.grubgrid.unique_fact_competitor_prices_price_record_id.f9553e21e0: /* {"app": "dbt", "dbt_version": "1.11.11", "profile_name": "grubgrid", "target_name": "dev", "node_id": "test.grubgrid.unique_fact_competitor_prices_price_record_id.f9553e21e0"} */

    
    select
      count(*) as failures,
      count(*) != 0 as should_warn,
      count(*) != 0 as should_error
    from (
      
    
  
    
    

select
    price_record_id as unique_field,
    count(*) as n_records

from "grubgrid"."dbt_grubgrid_marts"."fact_competitor_prices"
where price_record_id is not null
group by price_record_id
having count(*) > 1



  
  
      
    ) dbt_internal_test
[0m16:26:58.336519 [debug] [Thread-1 (]: Opening a new connection, currently in state closed
[0m16:26:58.336519 [debug] [Thread-3 (]: SQL status: SELECT 1 in 0.053 seconds
[0m16:26:58.336519 [debug] [Thread-4 (]: SQL status: SELECT 1 in 0.055 seconds
[0m16:26:58.350286 [debug] [Thread-3 (]: On test.grubgrid.unique_dim_restaurants_restaurant_id.3bd3ca0fc9: ROLLBACK
[0m16:26:58.350286 [debug] [Thread-4 (]: On test.grubgrid.unique_dim_menu_items_item_sk.783d7e01b4: ROLLBACK
[0m16:26:58.357131 [debug] [Thread-2 (]: SQL status: SELECT 1 in 0.063 seconds
[0m16:26:58.357131 [debug] [Thread-3 (]: On test.grubgrid.unique_dim_restaurants_restaurant_id.3bd3ca0fc9: Close
[0m16:26:58.357131 [debug] [Thread-4 (]: On test.grubgrid.unique_dim_menu_items_item_sk.783d7e01b4: Close
[0m16:26:58.357131 [debug] [Thread-2 (]: On test.grubgrid.unique_dim_restaurants_restaurant_sk.c05f2eb9a8: ROLLBACK
[0m16:26:58.367754 [info ] [Thread-3 (]: 19 of 24 PASS unique_dim_restaurants_restaurant_id ............................. [[32mPASS[0m in 0.17s]
[0m16:26:58.370746 [info ] [Thread-4 (]: 18 of 24 PASS unique_dim_menu_items_item_sk .................................... [[32mPASS[0m in 0.17s]
[0m16:26:58.373768 [debug] [Thread-3 (]: Finished running node test.grubgrid.unique_dim_restaurants_restaurant_id.3bd3ca0fc9
[0m16:26:58.374768 [debug] [Thread-2 (]: On test.grubgrid.unique_dim_restaurants_restaurant_sk.c05f2eb9a8: Close
[0m16:26:58.375803 [debug] [Thread-4 (]: Finished running node test.grubgrid.unique_dim_menu_items_item_sk.783d7e01b4
[0m16:26:58.378488 [debug] [Thread-3 (]: Began running node test.grubgrid.unique_fact_orders_order_id.93a68b4064
[0m16:26:58.382470 [debug] [Thread-4 (]: Began running node test.grubgrid.unique_stg_competitor_prices_price_record_id.8c46b5fc1c
[0m16:26:58.380464 [info ] [Thread-2 (]: 20 of 24 PASS unique_dim_restaurants_restaurant_sk ............................. [[32mPASS[0m in 0.18s]
[0m16:26:58.384437 [info ] [Thread-3 (]: 22 of 24 START test unique_fact_orders_order_id ................................ [RUN]
[0m16:26:58.386752 [info ] [Thread-4 (]: 23 of 24 START test unique_stg_competitor_prices_price_record_id ............... [RUN]
[0m16:26:58.388759 [debug] [Thread-2 (]: Finished running node test.grubgrid.unique_dim_restaurants_restaurant_sk.c05f2eb9a8
[0m16:26:58.390760 [debug] [Thread-3 (]: Re-using an available connection from the pool (formerly test.grubgrid.unique_dim_restaurants_restaurant_id.3bd3ca0fc9, now test.grubgrid.unique_fact_orders_order_id.93a68b4064)
[0m16:26:58.391738 [debug] [Thread-1 (]: SQL status: SELECT 1 in 0.046 seconds
[0m16:26:58.392757 [debug] [Thread-4 (]: Re-using an available connection from the pool (formerly test.grubgrid.unique_dim_menu_items_item_sk.783d7e01b4, now test.grubgrid.unique_stg_competitor_prices_price_record_id.8c46b5fc1c)
[0m16:26:58.394812 [debug] [Thread-2 (]: Began running node test.grubgrid.unique_stg_orders_order_id.e3b841c71a
[0m16:26:58.396453 [debug] [Thread-3 (]: Began compiling node test.grubgrid.unique_fact_orders_order_id.93a68b4064
[0m16:26:58.398881 [debug] [Thread-1 (]: On test.grubgrid.unique_fact_competitor_prices_price_record_id.f9553e21e0: ROLLBACK
[0m16:26:58.400498 [debug] [Thread-4 (]: Began compiling node test.grubgrid.unique_stg_competitor_prices_price_record_id.8c46b5fc1c
[0m16:26:58.402588 [info ] [Thread-2 (]: 24 of 24 START test unique_stg_orders_order_id ................................. [RUN]
[0m16:26:58.410967 [debug] [Thread-3 (]: Writing injected SQL for node "test.grubgrid.unique_fact_orders_order_id.93a68b4064"
[0m16:26:58.422631 [debug] [Thread-1 (]: On test.grubgrid.unique_fact_competitor_prices_price_record_id.f9553e21e0: Close
[0m16:26:58.426797 [debug] [Thread-4 (]: Writing injected SQL for node "test.grubgrid.unique_stg_competitor_prices_price_record_id.8c46b5fc1c"
[0m16:26:58.426797 [debug] [Thread-2 (]: Re-using an available connection from the pool (formerly test.grubgrid.unique_dim_restaurants_restaurant_sk.c05f2eb9a8, now test.grubgrid.unique_stg_orders_order_id.e3b841c71a)
[0m16:26:58.432478 [info ] [Thread-1 (]: 21 of 24 PASS unique_fact_competitor_prices_price_record_id .................... [[32mPASS[0m in 0.13s]
[0m16:26:58.436211 [debug] [Thread-3 (]: Began executing node test.grubgrid.unique_fact_orders_order_id.93a68b4064
[0m16:26:58.438210 [debug] [Thread-2 (]: Began compiling node test.grubgrid.unique_stg_orders_order_id.e3b841c71a
[0m16:26:58.440219 [debug] [Thread-4 (]: Began executing node test.grubgrid.unique_stg_competitor_prices_price_record_id.8c46b5fc1c
[0m16:26:58.440219 [debug] [Thread-1 (]: Finished running node test.grubgrid.unique_fact_competitor_prices_price_record_id.f9553e21e0
[0m16:26:58.440219 [debug] [Thread-3 (]: Writing runtime sql for node "test.grubgrid.unique_fact_orders_order_id.93a68b4064"
[0m16:26:58.458247 [debug] [Thread-2 (]: Writing injected SQL for node "test.grubgrid.unique_stg_orders_order_id.e3b841c71a"
[0m16:26:58.465046 [debug] [Thread-4 (]: Writing runtime sql for node "test.grubgrid.unique_stg_competitor_prices_price_record_id.8c46b5fc1c"
[0m16:26:58.469398 [debug] [Thread-3 (]: Using postgres connection "test.grubgrid.unique_fact_orders_order_id.93a68b4064"
[0m16:26:58.471832 [debug] [Thread-2 (]: Began executing node test.grubgrid.unique_stg_orders_order_id.e3b841c71a
[0m16:26:58.471832 [debug] [Thread-3 (]: On test.grubgrid.unique_fact_orders_order_id.93a68b4064: /* {"app": "dbt", "dbt_version": "1.11.11", "profile_name": "grubgrid", "target_name": "dev", "node_id": "test.grubgrid.unique_fact_orders_order_id.93a68b4064"} */

    
    select
      count(*) as failures,
      count(*) != 0 as should_warn,
      count(*) != 0 as should_error
    from (
      
    
  
    
    

select
    order_id as unique_field,
    count(*) as n_records

from "grubgrid"."dbt_grubgrid_marts"."fact_orders"
where order_id is not null
group by order_id
having count(*) > 1



  
  
      
    ) dbt_internal_test
[0m16:26:58.475170 [debug] [Thread-4 (]: Using postgres connection "test.grubgrid.unique_stg_competitor_prices_price_record_id.8c46b5fc1c"
[0m16:26:58.475170 [debug] [Thread-2 (]: Writing runtime sql for node "test.grubgrid.unique_stg_orders_order_id.e3b841c71a"
[0m16:26:58.483475 [debug] [Thread-3 (]: Opening a new connection, currently in state closed
[0m16:26:58.485472 [debug] [Thread-4 (]: On test.grubgrid.unique_stg_competitor_prices_price_record_id.8c46b5fc1c: /* {"app": "dbt", "dbt_version": "1.11.11", "profile_name": "grubgrid", "target_name": "dev", "node_id": "test.grubgrid.unique_stg_competitor_prices_price_record_id.8c46b5fc1c"} */

    
    select
      count(*) as failures,
      count(*) != 0 as should_warn,
      count(*) != 0 as should_error
    from (
      
    
  
    
    

select
    price_record_id as unique_field,
    count(*) as n_records

from "grubgrid"."dbt_grubgrid_staging"."stg_competitor_prices"
where price_record_id is not null
group by price_record_id
having count(*) > 1



  
  
      
    ) dbt_internal_test
[0m16:26:58.487120 [debug] [Thread-2 (]: Using postgres connection "test.grubgrid.unique_stg_orders_order_id.e3b841c71a"
[0m16:26:58.487120 [debug] [Thread-4 (]: Opening a new connection, currently in state closed
[0m16:26:58.487120 [debug] [Thread-2 (]: On test.grubgrid.unique_stg_orders_order_id.e3b841c71a: /* {"app": "dbt", "dbt_version": "1.11.11", "profile_name": "grubgrid", "target_name": "dev", "node_id": "test.grubgrid.unique_stg_orders_order_id.e3b841c71a"} */

    
    select
      count(*) as failures,
      count(*) != 0 as should_warn,
      count(*) != 0 as should_error
    from (
      
    
  
    
    

select
    order_id as unique_field,
    count(*) as n_records

from "grubgrid"."dbt_grubgrid_staging"."stg_orders"
where order_id is not null
group by order_id
having count(*) > 1



  
  
      
    ) dbt_internal_test
[0m16:26:58.493474 [debug] [Thread-2 (]: Opening a new connection, currently in state closed
[0m16:26:58.523903 [debug] [Thread-3 (]: SQL status: SELECT 1 in 0.041 seconds
[0m16:26:58.527943 [debug] [Thread-3 (]: On test.grubgrid.unique_fact_orders_order_id.93a68b4064: ROLLBACK
[0m16:26:58.532161 [debug] [Thread-3 (]: On test.grubgrid.unique_fact_orders_order_id.93a68b4064: Close
[0m16:26:58.533296 [info ] [Thread-3 (]: 22 of 24 PASS unique_fact_orders_order_id ...................................... [[32mPASS[0m in 0.14s]
[0m16:26:58.535369 [debug] [Thread-3 (]: Finished running node test.grubgrid.unique_fact_orders_order_id.93a68b4064
[0m16:26:58.539560 [debug] [Thread-4 (]: SQL status: SELECT 1 in 0.055 seconds
[0m16:26:58.539560 [debug] [Thread-2 (]: SQL status: SELECT 1 in 0.053 seconds
[0m16:26:58.549511 [debug] [Thread-4 (]: On test.grubgrid.unique_stg_competitor_prices_price_record_id.8c46b5fc1c: ROLLBACK
[0m16:26:58.552916 [debug] [Thread-2 (]: On test.grubgrid.unique_stg_orders_order_id.e3b841c71a: ROLLBACK
[0m16:26:58.555980 [debug] [Thread-4 (]: On test.grubgrid.unique_stg_competitor_prices_price_record_id.8c46b5fc1c: Close
[0m16:26:58.558113 [debug] [Thread-2 (]: On test.grubgrid.unique_stg_orders_order_id.e3b841c71a: Close
[0m16:26:58.558113 [info ] [Thread-4 (]: 23 of 24 PASS unique_stg_competitor_prices_price_record_id ..................... [[32mPASS[0m in 0.17s]
[0m16:26:58.558113 [info ] [Thread-2 (]: 24 of 24 PASS unique_stg_orders_order_id ....................................... [[32mPASS[0m in 0.13s]
[0m16:26:58.565757 [debug] [Thread-4 (]: Finished running node test.grubgrid.unique_stg_competitor_prices_price_record_id.8c46b5fc1c
[0m16:26:58.568080 [debug] [Thread-2 (]: Finished running node test.grubgrid.unique_stg_orders_order_id.e3b841c71a
[0m16:26:58.573435 [debug] [MainThread]: On master: COMMIT
[0m16:26:58.575498 [debug] [MainThread]: Using postgres connection "master"
[0m16:26:58.576342 [debug] [MainThread]: On master: COMMIT
[0m16:26:58.577203 [debug] [MainThread]: Opening a new connection, currently in state closed
[0m16:26:58.620710 [debug] [MainThread]: SQL status: COMMIT in 0.043 seconds
[0m16:26:58.621884 [debug] [MainThread]: On master: Close
[0m16:26:58.623867 [debug] [MainThread]: Connection 'master' was properly closed.
[0m16:26:58.625887 [debug] [MainThread]: Connection 'list_grubgrid_dbt_grubgrid_marts' was properly closed.
[0m16:26:58.626894 [debug] [MainThread]: Connection 'list_grubgrid_dbt_grubgrid_staging' was properly closed.
[0m16:26:58.627863 [debug] [MainThread]: Connection 'test.grubgrid.unique_fact_competitor_prices_price_record_id.f9553e21e0' was properly closed.
[0m16:26:58.628884 [debug] [MainThread]: Connection 'test.grubgrid.unique_stg_orders_order_id.e3b841c71a' was properly closed.
[0m16:26:58.629879 [debug] [MainThread]: Connection 'test.grubgrid.unique_fact_orders_order_id.93a68b4064' was properly closed.
[0m16:26:58.630870 [debug] [MainThread]: Connection 'test.grubgrid.unique_stg_competitor_prices_price_record_id.8c46b5fc1c' was properly closed.
[0m16:26:58.631880 [info ] [MainThread]: 
[0m16:26:58.634251 [info ] [MainThread]: Finished running 24 data tests in 0 hours 0 minutes and 1.83 seconds (1.83s).
[0m16:26:58.641985 [debug] [MainThread]: Command end result
[0m16:26:58.732083 [debug] [MainThread]: Wrote artifact WritableManifest to E:\GrubGrid\dbt_project\target\manifest.json
[0m16:26:58.736471 [debug] [MainThread]: Wrote artifact SemanticManifest to E:\GrubGrid\dbt_project\target\semantic_manifest.json
[0m16:26:58.750853 [debug] [MainThread]: Wrote artifact RunExecutionResult to E:\GrubGrid\dbt_project\target\run_results.json
[0m16:26:58.750853 [info ] [MainThread]: 
[0m16:26:58.750853 [info ] [MainThread]: [32mCompleted successfully[0m
[0m16:26:58.750853 [info ] [MainThread]: 
[0m16:26:58.750853 [info ] [MainThread]: Done. PASS=24 WARN=0 ERROR=0 SKIP=0 NO-OP=0 TOTAL=24
[0m16:26:58.764644 [debug] [MainThread]: Command `dbt test` succeeded at 16:26:58.764644 after 5.81 seconds
[0m16:26:58.767034 [debug] [MainThread]: Sending event: {'category': 'dbt', 'action': 'invocation', 'label': 'end', 'context': [<snowplow_tracker.self_describing_json.SelfDescribingJson object at 0x0000023D22D09AD0>, <snowplow_tracker.self_describing_json.SelfDescribingJson object at 0x0000023D1C2003D0>, <snowplow_tracker.self_describing_json.SelfDescribingJson object at 0x0000023D1C1F1B50>]}
[0m16:26:58.768371 [debug] [MainThread]: Flushing usage events
[0m16:27:01.103316 [debug] [MainThread]: An error was encountered while trying to flush usage events
